company_id,PC0,PC1,PC2,PC3,PC4,PC5,PC6,PC7,PC8,PC9
1,0.0777761612262069,-0.116266104679891,-0.1526308214002593,0.11305101687496241,-0.10313409232204006,-0.10785221798718103,0.0374268342260688,-0.17538723026763134,-0.04224882828985283,0.00795785596315208
5,0.09448646033051364,-0.03976520815195167,0.0310927363774598,-0.07985198820188594,0.03355922381608263,0.04941799965745684,-0.004890661643968917,-0.08156961378701809,0.010763439004268481,-0.030875956800015213
10,-0.23423327598374227,-0.3235721022715322,0.043305351675714414,0.11973109576428144,-0.03726222767890522,-0.0689627472361204,0.008666473008001285,0.028446749502593592,-0.052738125992617846,-0.0347672866668372
12,0.12627632471888336,-0.06781705256831928,0.004526402876757215,-0.07463679455782044,0.047006648233325836,-0.21043843177122842,-0.05275887444597881,-0.033007326521429126,0.00336400753584067,0.22981708677445584
14,-0.14880601455792325,0.0033788936153172,-0.0680887758917595,-0.17998460024930768,0.10416322084332652,0.21689593865963827,0.35844474697292217,0.16058182945276492,-0.006767217423961083,0.18032352191116827
15,-0.032373172282362306,-0.03580213966478819,0.13409806027357699,-0.07135546808514268,0.01573897606431947,0.01824725445276234,0.012717444345464873,-0.17605785848549949,0.04213389618313444,-0.054407906274282436
22,0.0032000885017619673,-0.04079520954078599,0.027230535952022482,0.030136224145951216,0.04375632572954698,-0.03758305478811011,0.01277493862893363,0.07392817089409072,0.04100278337677025,0.0600424727521337
37,-0.23075014612867875,-0.27952433194621285,0.06244245586563775,0.1933068626823295,-0.043553641345755775,-0.02910766914247072,-0.0044626215812081215,-0.008496118034909779,-0.029854185495974694,-0.011533183541108391
43,0.05995541759757091,-0.009465175606296419,0.02093925461912858,0.006258852499776148,0.010576578987529537,-0.06752081629530757,-0.032061488018561554,0.044818346019392455,-0.005578361251093808,0.02210654108012078
44,-0.019731332016985896,0.026966570776071907,-0.08222133815301025,-0.1530984492561955,0.058551845202117744,0.05236578841692334,0.13535882135211888,-0.02648212716887878,0.023650229343290335,0.07633350010485054
49,-0.0005242911439672874,0.1934893663773215,0.10281575865706256,0.16171577042753735,-0.06273853235566808,0.024208679854801927,0.11706579061649022,0.06398381526099266,0.14766225420878207,-0.06339708317193844
52,0.12235929602326627,0.0014375273381160318,0.08524803513682008,0.031472588251515554,-0.0559392926939492,0.03997990869755994,0.05819569525703909,-0.015648177932709402,-0.11506082947253728,0.0538439892676362
53,-0.19212154630443684,-0.28308985047882346,0.08173924883747208,0.18854757762819985,-0.03278853520171577,-0.04905741352367026,0.041172112376093015,-0.01978876958746641,-0.004159252553503174,0.029779037549085834
54,-0.12070924374743548,0.1665555792118699,0.022690336283524272,0.10585517803355204,-0.07847279491281133,-0.024597549090859847,-0.03462707029139876,-0.10230361709570554,-0.15125710098013212,0.012250846382827248
56,-0.08113926944440024,0.0600347537469012,0.013048140723652995,-0.09846827494483915,0.0658001587244818,0.052444847290719104,-0.11392526001150285,-0.16179535730750272,0.18163845557395147,-0.0366720825446116
58,-0.2088713439851919,0.17347975564864135,-0.265566320875316,-0.136893743707754,0.09231577521458863,0.026073930116603874,-0.21250342430114813,-0.3295749326779418,0.22870570805805823,0.22677033743492084
63,0.046511778489386,0.19032772820423363,0.038106848080235296,0.17597265838877232,0.05756578909043612,0.02366730569486695,0.10222872544724348,0.2928397442742857,0.33451486447868267,-0.044625240408001976
82,-0.3711399239333242,-0.2791078485633447,0.006648773639203454,0.14147741803762176,-0.025040022059580867,-0.0557776110602284,-0.013313321445511594,0.028339435525303606,-0.06547795913361869,0.023403836644187943
83,0.04391152190383999,-0.08126278356712768,0.1165262867537893,-0.04577989786612381,-0.04778222401084538,-0.01508212498179514,0.071200058014406,-0.049677179558803075,-0.03748756512600891,-0.021271003233554832
92,-0.1471684098495235,0.07826061407515585,-0.07463606295506416,-0.04712153739785292,0.06379071643374216,-0.0008365228314913212,-0.14771665139866727,0.02009185348869742,0.001258377476169262,-0.0533002721520363
94,-0.033633121762616375,-0.13424549864928184,0.003198072679669051,0.07303963197572723,-0.019471825062880293,-0.02544214471434881,-0.018624460857599938,0.012224202308764118,0.02782336752860402,0.08982323395777798
96,-0.3392280579773747,-0.28810601770681543,-0.0638846985822068,0.17324119565175364,-0.04959424463450352,-0.05720125839875419,-0.04131839037299959,0.08003158947219552,0.044093077697914256,0.01245830899754901
97,0.16678420921046752,-0.11045426659142285,-0.2653785023811448,0.09179271166628465,-0.06236742875662748,-0.0742743317004019,0.10304354074949074,-0.08383489625522735,-0.008410742833459953,-0.16923735271602983
101,0.33836618540492797,-0.1354800145509542,-0.07312182873634568,0.32646758362175826,0.673732510862072,0.43257177800991775,-0.14921613249352447,-0.05214562636556247,-0.15383637839669656,-0.13174168404310155
103,-0.10657227036437099,-0.08438213870864177,-0.0586019325145599,-0.15552989974763842,0.09062781478920456,0.04383935247364821,0.2259861250043032,0.15078708485484899,-0.08553851294150998,0.15701763021365667
106,-0.20735843182075936,0.06920049275472186,-0.09905726010114652,-0.026794930630189718,0.04635442103566899,0.0566818603108112,-0.08713024570247198,-0.05717646096429911,-0.013970112671890147,0.06577492441008324
110,-0.14886300456279983,0.1701974802127407,-0.042336355298321686,-0.04923256403146002,0.017026214207678143,-0.01007070018088317,-0.09855280999860612,0.02715742574125107,-0.07827060277276988,0.012577711856230606
112,-0.04502542420677527,-0.11744488217129238,0.11262803904794495,0.03208204507743307,0.004636361265276637,0.009811244952952056,0.09349298067803317,0.01619509172479517,0.021218482054351166,-0.051676850928865384
116,-0.16996120964824493,-0.21028434943360355,0.052267765844590315,0.07927142585589238,0.0017750959846131805,-0.0372525437154122,-0.02644014903839364,0.08323275865280409,-0.02268543165172135,-0.023781849008241887
118,-0.03744192716234358,-0.10547312616840493,0.029677082797443733,-0.09843786246165452,0.031225556704590717,-0.17148969071344503,-0.08545908867877619,0.08090897099419264,-0.05088849367750871,-0.09105593172802187
119,0.027520607343064,-0.1056205591860107,0.11806980762001784,0.042348872177367415,0.00573057313123442,0.006861527152640488,0.04797626761945695,0.0009588883715067635,-0.03141509150375725,0.02854784874563844
123,-0.04966250740283827,0.21412750635927705,-0.03209013486032848,0.03257653730725122,-0.05276303107857157,0.09124993007927858,0.046711459333286354,-0.17283849701579193,-0.04584074863736122,0.07389466535414008
127,-0.06724992520377314,0.0695089102140765,0.024579297491110763,-0.026453452333170323,0.03387107358847648,0.01226553347870535,-0.029337120829176135,0.06283837476477606,-0.057393934337572894,0.03668611698044004
138,-0.5005986283353033,-0.4451613943359501,0.006293739420732044,0.2598576123425648,-0.054401431834526205,0.05731760516891108,-0.011414456440607082,0.03582600985545623,-0.011742929529257002,0.0027656556979774845
139,-0.09869367671070588,0.2266285234205719,-0.0035144420116037765,0.02552458046949373,-0.024192408311104467,0.08590321848991207,-0.09777438868453742,-0.17247946555872778,0.12871768065980319,-0.007964448412703898
155,0.09696181443135546,0.030858228868425347,0.039602235309323774,0.07539064113381622,0.011266100191472821,-0.03801399203539138,0.03869625840321009,-0.0839761995363983,0.012382327729874422,0.17718036995685818
157,0.04237969006129678,-0.02886080864614756,0.022914961693824037,-0.1799219297033963,0.042436346498370935,-0.03979108713509482,0.11653022898373933,0.06941944956662399,-0.05814984330006112,-0.021947726568773866
158,0.022102012785098622,-0.04460914213168621,0.07163106440442875,-0.014643236711236358,0.027399238813553866,-0.05045915531778937,0.04297191639188524,-0.045750681893891046,-0.04053546714617152,0.05333157106876231
161,-0.30933067114605245,-0.37663487995587525,0.027393290935527344,0.22171022358559633,-0.08753454618243417,-0.058365968606520706,-0.04634383381924854,-0.042424052585589046,0.017601358666380594,-0.014533524888912925
163,0.0070749736588957,-0.06488051722371853,0.10159740468234654,-0.04400052795104964,0.04172675780475356,-0.08522368566652455,0.03661004222149616,0.03158938908692938,-0.04274087496495194,0.06532036701804257
165,-0.05549248345525426,-0.029274543181020518,0.1822947675062041,-0.2584887460731324,0.0722852006309247,0.07251218704291666,-0.06415331692709,-0.329801039659265,0.342114142513557,-0.21674884240161252
167,-0.19220914870575115,0.03725635324653318,-0.06764033602365435,-0.020910918746042326,0.05808787116234951,-0.05151014661731778,-0.19383206527055546,0.06630728379948889,-0.03238247053596386,0.14022537047159203
169,0.11134318994170518,-0.012783134389826907,0.11272889084389444,0.10563071120241752,-0.056200053070391054,0.014313562341806283,0.05902400224561821,-0.04972682621087649,0.0013081892396422882,0.07014461728765668
171,-0.39585664817988386,-0.4441466574378997,0.05143373718205831,0.22433277077719052,-0.047907654332797193,-0.022742547177031773,-0.002767408374081272,0.02628716526770713,-0.013820191138646958,0.009343663270376517
179,0.33692597188083684,-0.1345058420392884,-0.07254788098389382,0.3298495671943961,0.6730748136284436,0.43366462252281385,-0.14796629118665383,-0.05176681677106909,-0.15377054969093878,-0.13013563696123115
186,0.3345689661476535,-0.13465938098886204,-0.06882964118804057,0.32726082700501197,0.6743745032100875,0.4286184277746491,-0.1487807016532477,-0.04706995122574532,-0.15457941852270435,-0.13200086549046564
188,0.017599091924814594,-0.024401687343163628,0.09355678410455456,-0.09144757254066979,0.06222743921231597,-0.05732363530753866,-0.005150457942935463,0.07296985466974648,-0.09979867898707763,-0.01847262032036918
199,0.10120878407726652,-0.11371317638780389,0.058895809264262314,0.08412536108728466,-0.0007765766152081893,0.021228006968452548,0.018975468902674417,-0.10967429734295028,0.05919238199521558,0.02934383152372543
209,0.02087909220008974,-0.017565840168984923,-0.008062845763087542,-0.11776724152421444,0.040070936671274045,0.057623387699384354,0.16934174172857508,0.11275651851650921,0.00454266258822872,-0.011094797229111497
212,-0.0840060114033205,0.005172349514819318,0.026531700035392396,-0.11215230658435323,0.042710751487607224,0.029980816832304573,-0.051459151965423486,-0.004462409321540487,-0.00425027602516457,-0.017953711508255834
214,0.09990166856518716,0.0333703447797081,0.14860150943080735,-0.04590447847294829,-0.04745843086024754,-0.029549103360390364,0.004376654641269514,-0.1636397126474566,-0.056375793298663046,0.007141266101374987
217,0.0005437622716142759,-0.07845878306610812,0.18339075324396772,-0.145383840925922,0.0631831016338432,-0.020650854542030077,0.03851133155920735,-0.1440828147170849,0.11530175764801039,-0.16120362915151468
225,0.11736440350117758,0.017678810341969907,0.044282718166380367,0.06480649412467836,-0.022108895605557385,0.012388123999393671,0.0795378375676289,-0.0814462156086743,-0.007840233398921098,0.021881390362202036
226,0.10192857206984815,-0.018248169809069584,0.07266987308995206,0.024569238616707314,0.02261517333604913,-0.046940273814630395,0.04255320078302806,0.07962162175512152,-0.00257222911988525,0.008966822766162716
232,0.010991951818990747,0.08522746600460553,0.04425071784569658,0.14361702395233494,0.04003810906060285,-0.06950907192525699,-0.07694584548344627,0.11002433981265611,0.023421598527865056,0.09631282084937069
236,0.33313326271258437,-0.1322579613502069,-0.06021451222235498,0.327352226897562,0.6714405055594903,0.4378200889210669,-0.15008329550855237,-0.051385830408328156,-0.15880948757237928,-0.1336964003908694
238,-0.34423070729102756,-0.300319409628102,0.06181969912647051,0.0029638443473964434,-0.029413447106358338,0.01055945723761165,-0.08127593056256514,-0.04967573348816777,0.09870892931631522,-0.07838063441939284
240,0.02312294933377494,0.08140420897664982,0.016133517814176726,0.03599904325443147,-0.06912040738290799,0.08156654914878583,0.12034827150754808,-0.05347157408113236,-0.17779685509231188,0.04752199912742842
241,-0.09654742770186166,0.05878872447484089,-0.02516976419667731,0.04553719806031998,0.0005325128617957187,-0.0560568853683909,-0.023634066310848252,0.0318193493487297,-0.00470224223701836,0.008954707884779343
245,-0.041103613422696764,0.37228188664223066,0.004196203163450337,0.36606487011538497,-0.1869825580955125,0.047093413994898484,0.11454719543478645,-0.06619886063085507,0.11675596948865466,-0.028611003786616712
246,0.13170522516359828,-0.008816733223310802,0.10991266297425131,0.024719191672233597,-0.007047980106529473,0.002269101858925166,0.05864996060748399,-0.04016072592233108,-0.013229641432385279,0.0698204973809452
247,0.10855991200952222,-0.004947939882896294,0.11823395524028289,0.039282457161223396,0.009001426960039747,0.031509618675652024,0.05888188239661823,-0.008317239498903065,0.03515275561120414,0.05087077631976368
250,-0.18083100072216018,-0.1801621090217541,0.07631984449694426,0.07270651225531141,-0.06943464275529274,0.01918673768298801,-0.002068169016089638,0.01208211570520504,-0.03762964819256391,-0.061687551074550234
254,0.10232054561533303,0.011835865863344126,0.07721582692277326,-0.07197848509084195,0.07799479816925417,-0.09073569417569431,0.052318328136921666,-0.026327339438468125,-0.08850125073758747,0.06512165774277198
255,-0.1798595508720674,0.04380449786253648,-0.036476683747473114,-0.13369719341000894,0.059789870398059296,0.03184241764561532,0.0738063762727662,0.05558207595189246,-0.05479630599617397,0.043850155771944684
256,-0.14122376156438085,0.04027876838134054,-0.04716521281750577,-0.035278052949957395,0.056390464513846085,0.0061465411461107435,-0.023399735662877886,0.005528882227639895,0.01739407472720482,0.06583456062541442
259,-0.2091210200593656,-0.19667498933311411,0.06855804578152395,0.040036990214696325,-0.0173527964829372,0.025330129637092927,-0.002814646322431719,-0.07351057503353127,0.010670598847972593,-0.05255731305787798
261,0.04012962090235926,0.0180137593961018,0.0698644622970622,0.04258108820688989,-0.028911738167611084,-0.051036583298773745,0.035741731689638054,-0.020138828436904697,-0.0934978163820383,0.00545445549220467
264,0.11088115069673267,-0.022198516307168674,0.07527007111129849,0.015114423005610781,0.031189633879385545,-0.03376045943847116,0.004106109434157267,0.016411953846068788,-0.037558532055918345,0.03750587147664211
273,0.16134699623035556,-0.02963931853903062,0.05458908298200497,0.05966504914328235,0.06961834697438278,-0.02134669907917886,0.011498566820153877,0.062495509296197634,0.020373954156138227,0.048864629265915574
274,0.10250291459630365,-0.05804695211345342,0.10510836760063165,-0.0600436290453012,0.005202671801772536,-0.015988176948776276,-0.011495132703128963,0.0004303191615563579,-0.00110828108563433,-0.014467039554009823
278,0.1438919075453041,-0.015532182439593117,0.046282858422755216,0.014166343820725295,0.028102726368402282,-0.04565169672649745,0.05387995087738255,0.046817820879795774,0.018486908504038255,0.10038493100340688
284,0.12291938840127314,0.16897812525032962,0.11753535891189443,0.22656648464154622,-0.0738359218002394,0.05040076847483696,0.09368105212364096,0.26949193608433847,0.4674086856068981,-0.15126020598735657
289,0.02938242171382017,-0.022654013025870973,0.04198664944904207,-0.15174627701541812,0.03240609459590668,-0.005703151957360717,-0.027556448352807343,0.04138474532017359,-0.06591755545822608,-0.016796459996415134
308,0.24404165482236703,-0.13204440202598433,-0.46931980975062154,0.008126008731200635,-0.09353672527264881,-0.13759125220804638,-0.03274341281446388,-0.052073799077794816,0.05336436004911377,-0.11705012468111893
322,0.24507042642103263,-0.1153680473588959,-0.2335708701878124,-0.1113271375168396,-0.33045725653176916,0.12180125982089389,0.02357675998831849,0.03203000164450476,-0.1685615796161414,-0.20207062929219238
324,0.27072615829305335,-0.14684455768556606,-0.32146634959933634,-0.15817851259334317,-0.2911914335523313,0.13529783492658418,0.08045648874713156,0.06986146054720903,-0.09973341883871607,-0.2805084391943831
326,0.05092015337468162,0.1262134243764741,0.04354842212624604,-0.054617728302143426,-0.042001397134929515,-0.15663787805328444,-0.04000113172735703,-0.059903235744186406,-0.26407355518344244,-0.03059814126627576
330,-0.28006230061747345,-0.005103604299372318,-0.09146059338429893,0.0682626340024625,0.01430103782113845,0.043732524799758754,-0.009207997112767048,0.0033851821933780137,-0.008177666863621608,0.04757044200691478
334,0.1831103079654071,-0.10015161647229018,-0.23287908561994355,-0.025486731482772453,0.07681604071372687,-0.09840901818725978,0.01662785718548389,0.10161762729183357,0.04914453787287345,-0.1604760125922216
340,0.1834140450499193,0.014439293747140883,0.011300296490840118,0.1493851569273782,-0.08836925894127046,-0.05533413987617835,0.10679672207427714,-0.10319086316135545,0.08849527332646284,0.1022795677228425
342,-0.05241870000181353,0.09819948963772816,0.03412400366744053,-0.12736994486052297,0.08080490228714356,-0.14565677274547648,-0.09008675414028466,0.08740921265447275,-0.06904831752154399,-0.05543276266893807
344,0.10360370176750322,-0.02695547031793797,0.013617123745428603,-0.03307627812565863,0.04113036140683744,-0.03995545207920292,-0.007205574564678276,0.04533115777178624,-0.025142641088560954,0.0057631048230324874
349,0.07387838254111419,0.05933084809481626,0.09446602871845328,-0.022204427189153317,-0.030228580250200438,-0.10636094941696052,-0.03929765876435705,-0.02034595158614471,-0.1620024763744812,0.04543788858282494
355,0.015071703162604429,0.04523497856157997,-0.14836316424941434,-0.028192490479634076,0.06619484084361134,-0.04855643491909452,-0.07668494246251863,-0.02259042718406185,0.028613797400105202,-0.028157957580253946
362,-0.08364500686265103,0.18102329132768807,-0.04393404914948083,-0.14155400630651113,0.07674861932950515,-0.15076051525821488,-0.19497198720486517,0.1653661044201475,-0.15809769689112319,-0.04249534699012774
366,0.02839927739704779,0.06168693035694744,0.059313428682487096,-0.017035664804030563,0.05368008294836472,-0.04636176656663768,-0.1041113828312385,0.0870940873826395,-0.058107268190666056,-0.030227898952396345
370,0.28812901003344155,-0.13845210797138027,-0.312143073911458,-0.06708181914358577,-0.27013921217061204,0.09959985330441963,0.06430416604795894,0.01571957874419745,-0.05069962238569657,-0.25618071531908837
372,-0.22710368805283862,0.08561631659097631,-0.004455280970008874,0.05016423244991225,-0.04287759299651589,-0.006353600493744166,-0.11318425543131333,-0.20201117007242375,-0.04557681687607492,-0.031365019719238454
384,-0.3199294798340004,-0.2797169782935425,-0.0650594950233061,0.10657656261647638,-0.07059365203320726,0.10905936226573787,0.09262712309095202,0.05407279247170333,-0.024666791763914456,0.0009516191014278053
385,0.2153334787616196,-0.10727205468963227,-0.2954296966549112,-0.052516673008507334,-0.029956149490199237,-0.19035005196546836,-0.04743515105354704,-0.024426441262221724,0.09039114242050551,0.02898466556809491
387,-0.03784592372082552,0.28306813360663663,0.035881607871987194,0.20469125723179404,-0.18628284997557612,-0.0652284120088273,0.025798844697113063,-0.28719587619324694,-0.33298862012385233,-0.07139762417896524
398,-0.04883394462204801,0.14439163574639233,0.007190618538860842,-0.0659911178102419,0.0634647919753514,-0.05138698838132687,-0.12262817869031874,0.11103619057826206,-0.09268320333541037,-0.010839720646878617
408,0.06405939731974825,0.007677172169406402,0.054475597371074075,-0.11083584636683083,-0.006227820995110413,-0.03688152960307109,0.05828603117360895,0.017245212080709837,-0.12359685596945383,-0.0374501222706863
414,0.13869806931124204,0.01709820182060326,0.09810519228101997,0.01914022343258312,-0.0006694002081515647,-0.032346334661020174,0.07877126411684347,-0.05491527013301601,-0.03725062532263519,0.005164831704291978
424,-0.016341198166061364,0.03483350653445984,-0.2073896514531242,-0.07056887795676198,0.03914068501374422,0.03825623073045463,0.11822011929192794,0.10522681035168328,0.04476591387783943,0.1274524638743073
433,0.12473695566606297,0.10805383132013076,-0.23091019259598836,0.04581027092943889,0.014100768083451617,-0.1878893269552722,-0.11926072165588714,-0.10230984377199132,0.07647025161706354,0.3376964047242018
435,-0.01761979672383357,0.06997508254325949,0.0687711504101891,-0.07712953588087663,-0.0035935585655286766,-0.021827778271911482,-0.022987154581571148,0.07641045299638527,-0.1263721307805275,0.08834914468348651
438,-0.055919795530103636,0.01737263023463621,-0.023496994021129907,-0.0394278816691571,0.0161368304347739,0.00370709253448237,0.07567886732078413,-0.05233835831810662,-0.012268209013291304,-0.03683885092168541
448,-0.060435165343401556,0.0129953640706046,-0.0777493243724092,-0.15946003771865094,0.0008515680929508745,0.15023433387961266,0.13160596622657877,0.11624377137846861,-0.02640766700989947,0.08788997330989419
449,-0.15941528255735996,0.014483180088056605,-0.13672723843965212,-0.25873699534540806,0.08033824056092796,0.2959781503347747,0.4236144026253796,0.12920387524705765,-0.0139830561860439,0.16148324465649572
452,0.0004125762931905452,0.183500386234671,0.07248008948564488,0.1371270621154098,-0.02194840430116976,0.033893129849013104,0.00796132712823934,0.02077327223937207,0.05094795043901449,-0.0454386415516265
454,-0.12102314048993648,0.10540029595730399,-0.24070291630883134,-0.07733110038897988,-0.007956570419378306,0.017271876253273782,-0.0953209076301822,-0.07906068060321061,-0.012432490224915473,-0.03484525953864906
456,-0.08023844183974976,0.21355868935984793,-0.08133085212013995,-0.0769403286928884,0.08599519137989954,-0.043057714027736886,-0.16761634661446387,0.16168179417929604,-0.1046632167766361,0.0007988976483544715
457,-0.04943542314564337,0.06699873267873141,-0.16553820198171076,-0.11756567508709688,0.032531283475272905,-0.07335286388332349,-0.09846621309888982,-0.02600781549090504,-0.009115045290604917,-0.001039576386289464
468,-0.0337967479317487,0.20224575336811618,-0.01531791384160116,0.06874699389769859,-0.026192621831442657,-0.0645522107118038,-0.11639979914417546,0.18866423131446936,0.05544035128444723,-0.05134515041209234
469,-0.19351220226982116,-0.20349799935840068,0.03480871696645829,0.05606491829925436,0.0481734328576763,0.032354976869954456,0.04574404826596039,0.08754898092469895,-0.032977259268712554,0.0038775299906072926
472,-0.1637234717820204,0.1607221431211953,-0.14032712251274712,-0.07505989788030837,0.03397314425734308,0.026842590232747453,-0.04808409802568364,0.09466330058446756,-0.02039663724333047,-0.10057821523644618
475,0.14485745564299707,-0.010085527624058017,0.143258197766005,0.039230982791005425,-0.03169761431829114,-0.04178149457195796,0.09546574180255941,-0.09521816058004981,0.01142665695751238,0.11335687748780746
477,0.06592606498235071,-0.02600167373309551,0.07668404141359415,-0.10594703659795572,0.02084557755258,-0.0839092380256225,-0.004335025254992051,0.06119196701976003,-0.06706916343613775,-0.02093666134185869
478,-0.14487183326565042,0.2193554845867305,-0.04287994317635815,0.18804302029594833,-0.06759447701786567,0.015356852805918286,0.019444149675882406,0.007362319778438835,-0.0139594447123485,-0.11209642377544597
479,-0.11142108675259703,0.2273655556835274,-0.10383702124199305,-0.03127563217472307,0.0055046604252513304,-0.03557892704224361,-0.19648745729212344,0.020305215437463255,-0.0923088316543852,-0.05797344516395516
480,0.14679774995716643,-0.05799167287052125,-0.24264711137200717,-0.12432191840807613,-0.009722429916567868,-0.12343704654313231,-0.035140427935565446,0.028997070805146824,0.017665127497408537,-0.15941147345581702
487,0.10088586051833139,-0.033324903581323624,0.06963424485112035,-0.10121965697478169,0.04451429984006627,-0.13374464400705277,-0.05864200167241127,0.062240477462049415,0.04553790062685517,-0.05905523479063093
488,-0.025901511414877537,-0.05594517758272542,0.07322176644191146,0.036030065590347805,-0.02607953886784076,-0.015965512433717438,0.035423712697821706,0.05531451548782598,0.07870470854692055,-0.16154449974953175
494,-0.18971185810638547,0.23753493916290846,-0.1398762877832999,0.05141732493151595,0.014108911091036399,0.0688385273563967,-0.03360625673169153,-0.05019221194197383,0.026109508659316147,0.020452551962365825
503,0.07800664525401721,-0.002706936142401136,0.07626600056596518,0.006918010181288914,0.026470410345529445,-0.0180297341348572,0.04726653981912822,0.06923425793328618,-0.013900695102819357,0.0630509285089648
506,0.052409400269063086,0.025259899674852468,0.09016110516913454,0.02304024511424595,-0.012779112422490545,0.020849836087719578,0.08001748562106498,-0.07017704078388617,-0.0022369586647916465,0.0266025506504345
507,-0.1613784479861238,0.25993193330771347,-0.08000904529540227,-0.11588403873820045,0.08879607828939146,-0.11970452775706897,-0.2067548411474352,0.18503421426325517,-0.14146147719507515,-0.059914633244182045
514,0.06211344162300855,0.04605966737597132,0.09197328609064741,-0.08709132045442594,-0.019803359050522946,-0.13241475104036549,-0.01905209863477013,-0.034388319019247084,-0.22506793426590724,-0.05839090160879729
519,0.12118800233419927,-0.0410048366169007,0.08091457020326391,-0.045673141876375736,0.0454858846239781,-0.12560144527308406,0.03431551017880975,0.08631755964915246,-0.007842155409319679,0.005331110696219343
521,-0.014573805950632525,-0.02758530164360695,-0.07037886680636679,-0.12489495587253113,0.049218899721799825,0.09495292724391798,0.08431851759386147,-0.03837837120029146,0.15081164714876216,0.06701725715733371
524,0.039120715655873335,-0.016570912874520997,-0.005296389469193866,0.11060599453638342,-0.028048087288494637,-0.11963553461986454,-0.0878416375514147,0.14120527926502455,0.10040918365314651,0.13591312604045083
530,0.08805299418162911,-0.012492336601806918,0.042594548860272134,0.09021277483682642,0.028346333082763884,-0.012655827941142974,-0.018339383721912364,0.0009694672584819406,0.08574656375653969,0.09779142326818889
531,-0.13734129565893488,0.13103931800851745,0.0019607236376828698,-0.06510910393891542,0.05826115906867285,-0.03458627996112673,-0.1751479845173,0.03911131074514666,-0.0787866700813379,0.03140017313230112
532,0.06090319859142086,-0.06420145820435505,-0.007358573531426572,-0.076936286920227,0.023697367138078577,-0.12099934229517037,-0.027738698135702615,0.04253704718779125,-0.0022896123414040256,-0.08176286470449
535,-0.0050787586507499115,0.05801260425151985,-0.016566283073095503,-0.15663012928136297,0.04214622791026625,-0.006492043700679982,0.07115318462871266,0.1141689419403453,-0.08870487614935658,-0.02004812166951641
536,-0.17822866303116036,0.10103863014220262,-0.1004363764962594,-0.2770997121805605,0.07729688848244266,0.3358685238142571,0.48635271582243617,0.09559455894055154,0.0643402606708871,0.13525372105966618
542,-0.036483921480658675,0.2540974774736146,0.013278003253898864,0.2368360666140518,-0.1425318370384463,0.06453839504388617,0.05880034535775412,-0.21826473095235033,-0.14012470071682936,-0.08873635722170778
543,0.021240824896215368,0.17264815862164506,0.09465877647745069,0.25267893762268334,-0.11275887183914364,-0.012407497993492791,0.13973954252150028,0.012104404644155683,0.07780965514108834,-0.07996899932961013
549,0.16522344892129465,-0.0486688129322909,-0.007717407706296999,0.020508029211865623,-0.036583763186255475,-0.054949510096981666,0.012256661057320714,-0.029915549499201263,-0.04485237269330346,0.07097306336684081
552,-0.05689221961206065,-0.016553052421174098,0.1651776399577191,-0.2526787229283058,0.051600848182965446,0.06331432681377064,-0.04460816607029148,-0.22740868697332442,0.18441423183663616,-0.17592604727691868
557,-0.10999789152555797,0.19880029090540616,0.031231162567384594,0.00789265460525612,-0.019688721419911,0.053635652642933816,-0.06748236461964133,-0.1926942068274863,0.06296078591708137,-0.08836577475137036
562,-0.02766239311094711,0.13384169534947654,-0.0828148328312999,-0.031043014408739113,0.014789319346344715,0.028153354787222466,-0.005025480432661355,0.09963117747557311,-0.10146168938260319,-0.05729000802985915
570,0.07902668152774164,0.19541338549754128,0.16147756147755907,0.08072578361410251,-0.09646862137333613,0.005791375681048712,0.13200774473748558,-0.19731326763841847,-0.1105227523284539,0.008190842096220122
573,-0.08315664011161994,0.26043018963434705,-0.04141409237528342,-0.017990020739412523,-0.022041685337240175,-0.011941196995515463,-0.08110446161905283,0.07713902975046322,-0.18203457268584358,-0.018844343330346312
574,0.03610369434283179,-0.09065086540496044,0.013562242768575828,0.00844780662746224,0.06710129029195588,-0.09485553869383795,-0.03908873239035981,0.03150448712508175,0.045453666051014134,0.09892087328648325
579,0.037598483298856865,0.014139746127390409,0.011929397506967504,-0.020121634189920214,-0.03822529582812591,-0.03589681170571547,0.014696415746141014,-0.07923485933328134,-0.09298373382358568,-0.08822472065327525
592,0.12270605663623896,-0.040372036599359,0.0780555743050314,-0.056073505980087916,0.020632150481092536,-0.10589399421436546,-0.0003465116725309041,0.0004843089279328028,-0.0697178368886632,0.05580776290569033
595,-0.1787311306389922,0.1337290078028662,-0.12648528035306475,-0.10116163966164084,0.04865993547753017,0.12882145725463962,0.10509077970051042,-0.031232167997991514,-0.030322277795274463,0.15708091545928976
599,0.016819557015661884,0.13378377639966543,0.1325503688665664,0.16357100311973186,-0.2224985884664639,0.05793610099019855,0.16132629776263507,-0.24651165629238775,-0.2099999434903508,-0.011772312413050035
600,-0.09065541100889998,-0.03214970064817864,0.12059277296482983,-0.20322737916052683,0.0497312744947212,0.007845739314875335,-0.04994405096377433,-0.2802832768162462,0.21087901866942577,-0.09138179446757627
603,0.11229131758140853,-0.04100789076539188,0.11712882450642774,-0.09403942472750279,0.059239608500572825,-0.10670946890316643,-0.09259623105904685,0.03857147776758587,0.08180117147138119,-0.03991989372856292
611,-0.051518237074718434,0.2901171685871487,-0.033134802116431654,0.016102389809051015,0.07797638166023038,-0.1169936637085692,-0.24335056658554965,0.2851408149883677,-0.053544403075968035,0.013840445692168288
621,-0.06877835909302213,0.08979319242410219,-0.11027614773916761,-0.10822063441677728,0.02944257362735943,0.11992466721768501,0.2724222893887951,0.1499078338784688,-0.09395344590691158,0.1543613839004956
623,-0.16282657677064474,-0.2083426397662714,0.033085474370840195,-0.03490576988040629,0.09468185573873598,-0.16455775988594032,-0.04682936395649985,0.1405039425502335,-0.045946254734957614,-0.01386748809986563
628,-0.18175754854840573,0.3369008716551596,-0.04264852569898739,0.11583100173496141,-0.028993900625275543,0.01657991626580498,-0.1369780693723181,-0.045419526777451945,0.02380508413484346,-0.09677744746167705
633,-0.014431296325226124,0.23229693059657824,-0.061330717302951324,-0.0005229229273967439,0.06185852149752665,-0.1474409258308316,-0.18886914965529739,0.2522724167899861,-0.04030224276887243,-0.05268528353057584
645,-0.15922492465293386,-0.062200444884317446,-0.09352201763620512,-0.13530318674264086,0.058150664999435074,0.11722509397152481,0.22451432369400734,0.1855734544111487,-0.003673014707801725,0.10287470515586372
646,-0.3058560960703487,0.17930925052468527,-0.2771645424016687,0.002478025541356409,-0.0013865759363098787,0.1260153506642677,-0.04338051419793731,-0.23637661940506582,0.07738166891679131,0.13276548040362532
654,0.12740407083640984,-0.019064737675525127,0.0715136883314774,-0.05739611613689157,0.047871520552304286,-0.1205250199195208,-0.04210837464576881,-0.011223322527073122,-0.05315294163618965,0.10501392191361587
655,-0.01754958560886616,-0.011865980593080477,0.12437789361059388,-0.18629627306540403,0.06414926127738507,0.004030335629506974,-0.10608577965594107,-0.15750863004536036,0.13155324386748038,-0.09510611693627531
662,0.109690387119992,0.013171387035555409,0.11069133905800987,0.060551529153252216,0.017115727945141837,-0.014272162867767373,0.03665642473526001,0.04819999259919839,-0.015719875167559728,0.021705779609431593
670,0.05795853974319842,0.09268564041998528,0.09940649314263189,0.06895425039917864,0.017389427748613857,-0.08573081067816721,0.03008263292291427,0.11184645267851989,0.01528658629367788,-0.07258569509049967
671,0.13897244204777895,-0.09250916115552961,-0.006051341434062735,0.09263626762523458,0.18771936700475733,0.05578357955815048,-0.007445064288513429,0.01206535053019514,-0.041966713223453356,-0.02582042479632712
677,0.18276111839073123,-0.12426716215053019,0.21859076341644557,-0.10812919553382105,-0.3390057607957493,0.4286826344911681,-0.39256149747414204,0.12061148959012441,0.06038965997003837,0.1707074994175419
679,-0.07998124704398553,0.05250346203480001,0.13184390429165557,-0.23742496455775797,0.05953415809276849,0.01899470829293424,-0.09421825147596029,-0.2646302285902516,0.23288788748331918,-0.1426744093578107
682,-0.32640710706942483,0.09280805128622903,-0.13339192479114537,0.06236899242603048,0.044484947413871455,0.050812746417629166,-0.09955118506227983,-0.036406944294834445,0.07122348021625168,0.036162826564473026
690,0.09883739346506411,-0.0378481199729331,-0.02111736944406991,0.019378232097023936,-0.0034128941982962593,-0.03175502979563994,0.029844275409105454,0.023307956910148916,0.03949883313685527,0.013525202642379
693,-0.015189104368812087,-0.020222677812091302,0.11872997460439279,-0.22986245546861744,0.07791316985882683,-0.09973013672722555,-0.05550951306994823,-0.05868775557051806,0.08288569844621423,-0.18396855104571883
694,-0.26504860051367346,-0.3247541511600409,0.0697799390955879,0.24677269772290164,-0.0719798484688136,-0.03845993764512228,-0.015194165588403337,-0.10103735012434174,0.0008628848522696034,-0.041852853181907186
698,-0.04650736023010489,0.07298152961204994,-0.0017504641161723536,-0.023720045675903117,-0.018136450809615023,0.0946261276978176,0.15226042284814748,0.03176929562121222,-0.02070918847892422,-0.00982632885150477
701,-0.0844509195694069,0.1038880183315873,0.001604791334333529,-0.18095702746697698,0.0006763680263415488,0.19406739628902847,0.41783204912234,0.07747756526150161,-0.1333530121499193,0.11778999638880995
703,0.08714530147641518,0.15992446282980197,0.11362945210404621,0.18753658892592387,-0.01745796198145772,0.019536625418522073,0.09279424734742148,0.14413265509260736,0.22509822696449167,-0.10212792976034626
705,-0.09693103170290292,0.05175034113871497,-0.04827807542768595,-0.16885650226214638,0.12971238254530432,0.15443149537237244,0.2936954101576395,0.20769134033755898,-0.0023798842462386402,0.21621879167157854
706,-0.2594881473442943,-0.2465142133829958,0.08980303148970181,0.08176355434626527,0.005631978648319363,-0.1094023624826906,-0.09054292536577656,0.03778756983958029,-0.04062103044872293,0.013272307374226393
716,-0.03282660499733035,0.10818878548213297,0.07587803288881094,-0.1953105072845767,0.07734781664408985,-0.07599530542500504,-0.10355886528605948,0.002901370758684555,0.0016734191726389212,-0.09331243046400912
718,-0.0914123510242483,-0.22688468510261756,-0.09119540791463693,0.06208973278192858,0.024348897164708286,-0.09214756783713779,0.0061327155016817824,0.07642961856472506,0.01873946217413837,0.05481723520477866
726,-0.011726417360433849,0.2018687186541846,-0.10441409913585137,0.08739758028868615,-0.044157041135307544,0.027599986785640174,-0.006281460760888879,0.11483052667614428,-0.03222672290121626,0.027473401446110633
728,0.09637433546039391,0.04482876288889363,0.1131167652233112,0.08636402389890734,-0.018287866941345786,0.031907340886934615,0.09144186793264306,-0.03504241825120663,-0.01875650448736732,0.003291343707466622
730,-0.03250784073348588,-0.03551318035247704,0.16048396553858005,-0.25874548216324905,0.060726945246494184,0.013802186567750717,-0.005051738572121915,-0.16469183716882047,0.1509229614050515,-0.14481230259206113
732,-0.06951491296635806,-0.042262113983193544,0.008192043038695907,-0.2454086244927029,0.06589596718060285,0.13032518423914585,0.18974092995146655,0.055969786474161926,0.06557259050210688,0.01659539811766314
733,-0.07967812666015789,-0.1327470650539986,0.0550315265542514,-0.005901716530975185,0.005916245034550856,-0.05387668913843463,0.017656481330663647,0.09603479707742238,0.002164521464437949,-0.06029853190244707
740,-0.08299206147360276,0.1155020956362813,-0.0262790795940263,-0.07699309595710309,0.05466738848365677,0.05381312204220912,-0.05818256800466606,-0.10327285306392346,0.013491675501327594,0.047234445802695264
741,-0.08991256752466312,0.2905007660821762,-0.015770706036024172,0.13128035628584891,-0.037321777982710844,-0.06362750194614948,-0.04516019382984265,0.12735141350112922,-0.011350115896782583,-0.05437928372062883
744,0.041871137032125624,-0.014373584634291621,0.08600576323223857,-0.0368575736074949,0.022835303987032488,-0.017846776834907978,-0.005267475496856834,-0.015553734404257037,-0.015051707179078073,0.017176031203214613
748,0.040781273674136254,0.0025435678102832056,-0.24833039772261403,0.18196683647668616,-0.1348097517357161,0.04617078769082591,0.10405097360892215,-0.09946859710541683,-0.027399870038160752,-0.13888129800244794
750,0.015596780743637743,0.0739092109713016,0.03841894417639158,-0.029946039939941688,-0.01632079546547824,0.05750394526503842,0.08946374614186337,0.0017151331462476951,-0.1333441199290148,0.07388758019110005
753,-0.04572947524505987,-0.016939793522894875,0.16496699247837668,-0.23091720360092077,0.03883879315020016,0.06982381617632127,0.07145174067698931,-0.23769443839482704,0.16995250110618507,-0.200426916274432
756,0.044386405788717456,0.14556671730296233,0.05866876680041292,0.17213543791117764,-0.0752502764916221,0.03683204348790967,0.14539863316404764,-0.0031499436598889847,0.03867710993463881,0.019350150951484457
761,-0.13597856364007072,-0.19799569731424135,0.07456961348363432,0.14277832798993645,-0.030592773245844536,-0.017568205816215328,0.047897328222574115,-0.15846489186618143,0.030566097154376897,0.006438158008506431
764,-0.09847004369456754,-0.002143237029619839,0.007994919390992932,-0.08491064518075664,0.05665825368894819,-0.03479389944482138,-0.09083909753629683,-0.0041914831133718,0.09726874112171648,-0.006139814601150456
770,-0.08776124787159789,0.18226660771588946,-0.1072088061447799,0.0558332907090549,0.01734710135616727,-0.03714695861651691,-0.19382846459779926,0.11051896073581038,0.012133124394618493,0.06723620120814237
773,-0.040585535918328614,-0.01486192276391839,0.030466837329935433,-0.142204241380393,0.07594238830163563,-0.03358226760505841,-0.047717840902570176,0.04308046581468699,0.07852784425895767,-0.10944935849058857
777,-0.2905524086345395,0.23978000699412874,-0.15025591262019877,-0.08636948894789623,0.07878192085383862,-0.026036018136602494,-0.18572613232722066,0.11997312382510769,-0.07738197039706278,-0.02874884212322806
781,-0.05401265622714803,0.0019067183114276332,0.03281812992171728,-0.01473244546786049,-0.07184227993122216,-0.0024235437560784466,0.10472989307111563,-0.094967980852254,-0.0755313147172248,-0.12721716811132347
783,-0.012120779843602877,-0.045243403889570544,0.044554881435387265,0.058185947132192675,0.003856319766956797,-0.02358720193345233,0.024177404006462812,0.07409320822645103,-0.03762172064416096,0.058740801464613045
785,0.03391662300851177,0.3115780846551397,-0.040251078526469856,0.3224686063783562,-0.2037285003485484,0.03151381269046152,0.09644078149966238,-0.10364278814762175,0.001428189415628223,-0.0786345477000606
787,-0.16658225730511056,0.13813066705163785,-0.12802731125803926,-0.036272565199688585,0.04957476586659784,0.016527116504962046,-0.12130533821434386,-0.037922237039808494,-0.012616181314092508,0.04131925097718582
789,0.14381627624765364,-0.144230550598411,-0.3502597149128616,-0.02205773367138429,-0.09918607549018445,0.006053676385654743,0.17034262387919225,-0.09517862132586281,-0.009134661814643945,0.10074692914907839
790,-0.0870914074198969,0.2414400456711457,-0.09803289930640591,0.03933611162591698,-0.04202970802875665,0.039001945265894705,-0.1034123402277162,-0.1241207595573038,-0.11464128148838852,0.024997504065461147
792,0.011673462901624642,-0.004863649924677516,0.15369935139106006,-0.1432185225424835,0.06869124669627519,-0.038736693307634684,-0.026955179523190497,-0.0363453881478598,0.07006666143567471,-0.12591301650518993
799,-0.0420866925271071,0.1648158379896961,0.01213447959593187,0.06910166534195492,-0.0051188856285508694,-0.002249830839342255,0.020904150429208006,0.0739947148078246,0.13686054817938037,-0.06603956467129615
801,0.11344575307153565,-0.018449340456301637,0.13558111144207272,0.007037905223360765,0.018641546890125423,-0.06967276216659775,-0.027058457888732207,-0.0010687689358928392,-0.009553150087499003,0.06118265367229338
802,0.015730670090185448,0.21091417572605878,0.016065228254848518,0.1916491355515561,-0.05706302801696204,0.01952283357088576,0.08096450023698196,0.23986852116269178,0.2689271379766845,-0.16217917182896102
812,0.17838512945135668,-0.060113035598983545,-0.08746005154923095,-0.07293651218532106,0.04212536180880775,-0.19068046039897207,0.0073572850130204015,0.09068565010774828,0.0244198081578032,-0.09113986986939848
814,0.12633885873549563,-0.0065026735763806616,0.029036254355775885,0.04590962471680584,-0.010554866144922334,0.027630350218739982,0.1385080565527192,-0.04026562870835544,0.010474207077354667,0.04367684686210467
817,0.017660677719072048,0.17357776857994353,0.019682839485458858,0.10304938048629161,-0.03811816079870566,-0.0368609938016511,-0.07656771673291063,-0.04622101142822612,-0.10589139334973607,-0.031878702749094316
821,0.06789990211606517,0.22870945300444442,0.07347289561301529,0.224885844222272,-0.03096380938387464,-0.049251240419578464,0.09427978611773268,0.35241877730166793,0.3629958178230314,-0.20234915153926136
822,-0.17623804500931894,0.3665220110851598,-0.14964018883112423,0.13766949436806739,-0.00894437050855088,0.011727231040978284,-0.13734849788853976,0.10784488727486256,-0.13821172410519514,0.019749410789088814
824,0.06822365660284327,-0.02643169552691202,0.05094073360186455,0.04551838931492522,0.010081517884437983,-0.05776985275586383,0.03139570231151773,0.0729268166038531,0.03084522466778627,0.006524670690199224
825,0.10668522377850084,0.01584214042921013,0.08568736339552516,0.05209119036017252,0.05030036383680078,0.03966371448423326,-0.0007075975576206744,0.038929349258802134,-0.0071358465270965135,0.01870807686350376
826,0.0368262361132442,-0.021292993568641512,0.16058361853703865,-0.14031720006599685,0.06143352312830902,0.03806369081185823,-0.0034862412542418985,-0.18360643545707844,0.2008721206979388,-0.08704056314853818
827,0.00957540608927691,-0.11626573261181793,0.12500434385321274,-0.04707476921770028,0.0043607572682386846,-0.045096453878066003,0.019452927627578588,0.03378197405040797,-0.08827551023298556,-0.024390468191773727
829,-0.11563002407467012,0.1087485252457839,-0.13371286891800047,0.018701746883997263,-0.02202984128438604,0.09863117397697028,0.04565082736791615,-0.004861234958852534,-0.02518733259354988,0.09352050073477737
834,-0.007348816512745978,-0.03719861748025963,0.06046969386513958,-0.10166848708679328,0.06558745024401184,-0.022777172574139103,0.06936434904708726,0.012658006906559667,-0.0372724038388259,-0.028083549804448327
835,-0.33875856325227105,0.038994094504237,-0.20506945033354396,-0.24097606205697653,0.10772296468516712,0.2313383915869029,0.08341144492572536,-0.10637371421821006,0.16147484063325113,-0.02859981535193647
837,-0.0765418222224733,-0.1149742724427468,0.0433595957362967,0.04532939508689226,0.025086812553512035,-0.11361130966099944,0.016997873909466384,0.08839745824622008,-0.03604369044417795,0.015963028276758585
840,0.02846319868960409,0.006287050358685096,0.06345768513101357,-0.16454298380523638,0.011959977980928306,0.04983708447943397,0.05324790569758249,0.07874374389756106,0.0560998679932743,-0.07984527545425257
844,0.20253309925639343,-0.10878499776874542,-0.2711847330064128,0.0014769597849324401,0.02600348032862759,-0.14004304757135588,-0.0007566299864857819,0.008600293973711527,0.0873396144409686,0.012392392470978349
848,0.21459507673993936,-0.06649914117659962,-0.20910283028341037,0.0677722019730781,0.032217817398124,-0.14883679146836826,-0.07626582026938171,-0.17055380282177013,0.2351164066531174,0.44374265195064755
849,-0.1984876412168786,0.055673072940276715,0.022267743136925793,-0.09915066517522508,0.022308772656698804,0.06515239783221691,-0.07601506822508314,-0.2539703087843722,0.22832470948244282,-0.13895144242133262
854,-0.0039130150726565775,0.04304491100264451,0.13844169038338297,-0.16803219483290646,0.005556015921630279,0.0180392300946219,-0.02383016049274405,-0.20335581699969074,0.1118086521606701,-0.17466708372656803
858,0.11989650928087088,0.06545331212064329,0.14821811229606902,0.06571939625477721,-0.07142409638700822,0.06162743548499014,0.13928342829366536,-0.15197794407172327,-0.05787701002923451,0.058491912683878704
859,-0.10450959814187821,0.05308317167083916,-0.24816674899456975,-0.10244738851585455,0.008904154101148191,0.07009849791863615,0.0487348213087116,-0.0233462269402035,0.028805824582733848,0.08950359744628951
860,0.26893611798473793,-0.14158826083322612,-0.4303726492863841,-0.022148657434045878,-0.09241306607842534,-0.06590586004326617,0.036243859232300155,-0.01669577826189353,0.01196995991061759,-0.20245048916150565
875,-0.2111684157438669,-0.34995676660300856,-0.2493673119972368,0.13852830306187905,-0.05699267706547425,-0.13329220102753842,-0.08588821504067211,0.038327681592323845,0.05579133403828172,0.018703645836248027
876,0.03562720718636183,0.31382475541709803,0.09368379842590682,0.3636610729048322,-0.11197603913798589,0.04798493019162686,0.11816887079273264,0.2952171620863167,0.47632313714942154,-0.16614801680639504
877,-0.14719227532824203,0.2021009348662797,-0.060012841849200346,0.09757589520526631,-0.014289438591127312,0.012584171839894076,-0.043800397958323745,0.06908810563581871,-0.045185982708555145,-0.08067917581679004
879,0.22217503144287626,-0.08597061272946324,-0.06393088648848337,0.1443098112082899,0.25842763242212996,0.06385505653725343,-0.04642724450594142,-0.029040377638719403,0.06575527230875546,0.14131941391607497
886,0.09454591734559259,-0.013582739264702619,0.09809364376637505,-0.028380702986411134,0.07523331391737943,-0.01105637701228586,0.002845235021601036,0.025882164028914377,0.06057343840094767,-0.021904762173086914
889,0.1664969952388063,-0.06243017828651077,-0.08170960092917053,-0.01072489005494641,0.039309612114061525,-0.1031776800410515,0.011989575105361255,0.013701900721302014,0.05191371270905086,-0.03290655862664011
890,0.10881128780603135,-0.019571887507205316,0.08885395190735791,0.0002059215138826089,0.04722784944464305,-0.01880042764251327,-0.02682059579030451,0.005235764346843339,0.06121615416096181,0.031396278884199574
895,0.06203436573894183,-0.060502565506148964,0.06458829423954665,-0.1467858125907071,0.07290272372880018,-0.11469297806874947,0.031183981423384563,0.090030409288251,-0.046225527756700725,-0.10370947051876128
896,0.11921885707844121,-0.042388159756082205,0.08406712047004167,0.05057064616172527,0.0641737258007038,0.014184157571938959,0.026562010840103054,0.029666031090918314,-0.014255212883837524,0.006359376900922798
901,-0.38569498859341816,-0.2090732940408502,-0.0021134479275280974,0.08551745502721625,0.0020198887130053926,-0.013619318260558497,-0.02511045824168723,0.08156333988451703,-0.06119986360523864,-0.03774425989178215
903,0.1467547129613723,-0.030365540000715653,0.08271490287207893,0.06912307690730214,0.14858533049158426,-0.06970115577686817,-0.024003170094871212,0.048065109784204585,0.07353079795724694,0.16128842866780382
904,0.3277504296568192,-0.1779875911687493,-0.4612243796755856,0.0247553540258081,-0.13995450772637535,-0.0820932797757041,0.02329073549888527,-0.07114133207272061,0.06078841699351949,-0.08139386712231539
906,0.008685965370465095,0.016006328933929732,0.035493288883161576,0.010897484965752591,-0.02083950048018894,0.007049859389176207,0.030912666614122022,0.05563255306596602,-0.012789445594247566,0.014664023985731686
908,-0.0011295243389715468,0.2610373725895164,0.0187164817535812,0.2496962513858725,-0.08203200182429572,-0.03248190846288864,0.026079413745045545,0.11158366575608399,0.19565681744458815,0.011042667329259216
910,-0.025337129935537814,0.038949948429746334,0.036193574560199344,0.08829857658706039,-0.0398543962457201,0.062485255188790494,0.08293462960182062,-0.01554821591705153,0.09119108634406464,-0.0714198160304309
913,-0.1642346074656319,0.2642138819156678,-0.17212615722573038,0.06677358183200555,-0.0500021948454403,0.08450444371262206,-0.10862148890697892,-0.179412446923861,-0.03288981707810494,0.03315723401412604
915,-0.1802198674452898,0.18749439929969228,-0.12484606700840575,-0.07367643372689105,0.045449647902726736,0.03643368587803619,-0.1119164732532876,0.017163162247252062,-0.037599185064121,0.0670827330603402
919,0.04091579498304272,0.0748642585100758,0.0805460078069598,0.10265684084771545,-0.029470361934861522,-0.0921231012521215,0.04908470104807744,-0.02398268627429475,-0.054267762683873295,0.1611024362650467
921,-0.22561939945089265,-0.10192616870727879,-0.1309408417961718,0.0864039567124105,-0.02230771085020635,0.06242083030495134,0.19855880380991311,0.06896749040709009,-0.031521545295115895,-0.011877494830689344
925,-0.07688528331736831,0.14407344235570083,0.008929178390752772,0.0467768447584067,-0.029768414947138805,-0.031547922349524984,-0.0009043288426634453,-0.04623524323435661,-0.15013440844706472,-0.03075417349593616
931,0.16702393536036864,0.007683847466472035,-0.06491578494429938,0.0571122482611159,-0.09456762803594661,0.03944743370226868,0.059159928741897905,0.07460130462579952,0.09656916961199308,-0.11436693122110228
932,0.09505061204277512,-0.033162888476243074,0.12232079988900209,-0.15368062174462796,0.005732652080857788,-0.030215855332650143,0.04878274479636792,0.03479440706470178,0.012731690255583739,-0.08930907685755651
937,0.045190341869521325,0.19803169826125297,0.030642100058405845,0.17889057742738948,-0.25569081802661486,0.07232994916257617,0.05231360941848916,-0.273233840302267,-0.29033650067909755,-0.0549240720884979
938,0.18323754959634506,-0.09335040969128443,-0.18463081326248737,-0.020100700213472183,-0.07552080538644296,0.014740820387559013,-0.004274069878996346,-0.04187270752993948,-0.017937776585519448,-0.1960561439165458
942,-0.218404766601788,-0.25679748291340954,0.048855458233534606,0.13078353211532998,-0.027565618926470473,-0.03889832766517043,-0.01505467772309928,0.02536480036780654,-0.048552381001835364,0.001007356524539837
944,0.1054156288024824,-0.030322444182125936,0.09140956893141802,-0.03506279049697748,0.0422985821906427,-0.10536302297403163,0.004232380857028876,0.08278621676570769,-0.0036113310805167935,0.00025656849750231234
946,0.09771387780357987,0.018283670690507042,0.14610866899737618,-0.043464934064315036,-0.0138343977473861,-0.18058972167304166,-0.03878805963921778,0.07901081439279116,-0.1985475123162076,-0.02904672691705002
948,0.19843349724107637,-0.12712210329629622,-0.22439073814999233,-0.1509668344436979,-0.30162393318949676,0.17913158911709687,0.04045530542097858,0.010980588087918828,-0.09370837842143326,-0.2480974721264185
961,0.27632896332109325,-0.21289673601837322,-0.11056183279402801,-0.15267427043248194,-0.49760082863488725,0.44792746588327503,-0.29688378482000766,0.16499198255849815,-0.022679578282424142,-0.05716139645192675
963,0.14498142852243953,-0.005034393779736896,0.09776850433979126,0.038547274599232885,-0.007631033593281634,-0.06722884949700347,0.007628091873707367,-0.019020899225220222,-0.03471741677353195,0.14390531355553715
969,-0.4101662462039178,-0.3597600545051119,-0.07806357516655119,0.11656295499331829,-0.034674654972875744,0.01646805289472971,-0.0037232717168764785,0.005268361654162985,-0.008422583269226456,-0.07871211571013398
972,0.18905818225182447,-0.05881858488745357,-0.15155372971699302,0.046464082006996664,0.013099772299311061,-0.12249432017760505,-0.12590280673530754,-0.1474929518727,0.2365864167573468,0.4481621007768423
974,0.19859585272323876,-0.12418299403815058,0.10716566010815845,-0.04628231902179228,-0.34396164132267926,0.35901746816349145,-0.34716989458792724,0.12096088450959645,0.05563643219113278,0.24749209894013424
982,0.12709107983080775,-0.07785035702452528,0.15604833296311596,-0.08358878290374183,-0.3414935016965549,0.3569059621661643,-0.28744472772896024,0.09555324952118299,-0.007515416323117725,0.11571443590097205
983,0.09847987521733231,-0.03822243998837012,0.14342060876657864,-0.08178214391420759,0.014605461874126032,-0.059755496243461784,-0.012944567720664647,0.020385208075339355,0.02106372987666524,-0.019450491393698373
984,0.038818397400297175,0.010824680726404752,0.13412472941000123,-0.0679872845577993,0.03521985170156421,-0.07873894580601284,-0.027999598226889202,0.016361101480062312,-0.052660233032455095,-0.02847437667853168
987,0.08891852472776808,0.06418696940098387,0.12665412466007864,-0.053939234074748675,-0.017877430953094617,0.00040438880873476524,0.0314621174498509,-0.013151954956331261,-0.14196205263930736,0.01900755668394604
990,0.07832145125063138,-0.011640832182359988,0.031489617594764666,-0.11069228408349302,0.06554299320722813,-0.026056952311549343,0.13818136315425003,0.16508166985399386,-0.050233336819207795,0.02295150788168237
991,0.04382346213764098,0.11701486162696603,0.13553842263461457,0.09337539204794966,-0.13067931707853403,-0.06979908843372443,0.012263179688578995,-0.15751708031505537,-0.2036463188715049,-0.07303992030108748
994,0.1553287346175359,-0.16948753957390056,0.18644356932199824,-0.08909424564054225,-0.4231618477758229,0.49790240902980076,-0.40770987542813414,0.18247775903832297,0.027970913698152078,0.1847184528965506
999,-0.1754095165305293,0.06397231637616058,-0.06928064053815275,-0.10493032409554695,0.07521514183900799,-0.013722900821304711,-0.11847933848577805,0.03539391303805705,-0.050718922638461485,-0.0017760603421558034
1006,0.17454938795182728,-0.09439976397754525,0.1754178610993659,-0.10123926180536183,-0.3273566116860287,0.41284883789866833,-0.3652830027641188,0.1863214719009752,0.04185173091644109,0.17098078046465828
1007,-0.1811284728304967,0.16357838013429038,-0.1766142521746041,-0.09693562285790228,0.06557833337819308,0.051174711364843056,-0.17348631411606702,-0.10800446451689641,0.03486087903415845,0.040765011280057016
1010,0.032725745844531744,-0.03322651901219325,0.0811577267539875,-0.1429270896965907,0.06238674641163526,-0.10150239625033386,-0.03632883796037221,0.05932098532758299,-0.013894144214149931,-0.09021653615089952
1020,0.08515148446423158,0.03651317513831828,0.11443185830213248,-0.013734849371417966,-0.04385714343120443,0.012734065068267523,0.05185573870196376,-0.10528306845973628,-0.04333475786610722,-0.026424616838765447
1025,-0.2507955251139943,-0.13258614568137136,0.01785567882613902,-0.030246861596471136,0.05253202992838478,-0.01544499041580127,-0.041477996022152755,0.09395933122627859,0.08708562870812225,-0.058119185333904526
1027,0.1432246365368413,-0.013362018836318995,0.1545619609334756,0.030151695897873573,-0.008520255586618891,-0.0452946094361077,0.06702037000481513,-0.0842587717147448,0.036175415149716145,0.12953150543929673
1031,0.05079157886702735,-0.024579167939943754,0.15008240732809353,-0.19513378430882564,0.06159958569105238,-0.15030200038885258,-0.048123740096800455,0.054537824947300806,-0.1359527407216114,0.019581957444262367
1037,0.20763628609027132,-0.06174192449971013,-0.07306459323641232,0.05342001379246873,0.012828677259751847,-0.08602189129393166,-0.0200486705274002,-0.11600276128872926,0.12744831386758382,0.2781618589328474
1038,0.1452578215619912,0.003869138787591264,0.11355782709985751,0.07425019411998514,-0.004207318193662424,-0.0385705789461587,0.036606268884189455,-0.04818358502005102,-0.029567172825024315,0.1302391594304913
1039,0.05651453734253575,-0.05895363716708165,0.1507253050535592,-0.06041623832822951,0.02182433830659207,-0.03200438458105609,0.013641190210013757,-0.0183923439705982,-0.030770930647806952,-0.016599493724334446
1046,0.046274491295244344,-0.13599455432442575,0.09591251105598302,-0.0748212710199609,-0.11950164564998926,0.03112671650650973,-0.10425362920963506,0.04463824131507514,-0.09631905440322801,0.00556794716062629
1049,0.2031391795146792,-0.0672561119556905,-0.11519846793714648,-0.020113380833384008,-0.0014528154352963282,-0.08676265420913747,-0.023610222540796703,0.0237715936804892,0.025571820837458972,-0.025222907270177498
1050,0.11831986209835525,-0.03653916301762901,0.08538761365020033,0.0014956127348557616,0.037732666417318345,-0.04426778097821512,0.062227353992674865,0.052784061263229355,0.04126912426530607,0.04596756865427527
1056,0.1048416748670405,-0.0035354261412083726,0.0739243273423554,-0.09738701608554659,0.03142307931101328,-0.04996871444206556,-0.0035493832752937276,0.038614950413303685,0.0021933199377596347,-0.026915516422414718
1062,-0.09100320660755691,-0.08029519358440577,-0.016610834516697898,-0.034637777581854684,0.04663601289484231,-0.07020350360445571,-0.06386487233415014,0.0265953179904938,0.038038795824356236,-0.05311472275278648
1063,0.09385832242731712,-0.021752599923884265,0.09673741147403585,-0.08613109053059059,0.060120307719371546,-0.0665615244106135,-0.05897723900368408,-0.01279644946140592,0.06337363044355945,-0.03388422238372518
1064,0.14807272946964,0.03330711327075889,0.12032845781549145,0.08691543455422103,-0.05954494010419405,0.03521695074435549,0.10212233480910035,-0.1118070871095452,0.07614456609758365,0.10868621691622045
1086,0.022761234319001157,-0.07434414530857157,0.13963395224019665,-0.07964053918732872,-0.10502129635679748,0.058306257488047714,-0.07113682647918368,0.009300840578304746,-0.06891411616213525,0.019248270122038627
1105,0.1855323412365743,-0.06304330873051532,-0.15486770267052696,0.06610514907841912,0.03231147710305862,-0.16573743873567343,-0.03663447653662413,-0.16408674923732391,0.1614302446971131,0.4561242221699173
1107,0.046406427514655596,-0.0047673134007805065,0.08755459037921419,0.024877121299810883,-0.041766079143505816,0.02761270964671768,0.12534614323340101,-0.04172605598122728,-0.15180827262410668,0.05682817839101647
1118,0.007896369169568491,0.01503883326256314,0.02349719835925056,0.0598546739528244,-0.07999281837736749,0.011690635396834613,0.05227838500296185,-0.08388461425603995,-0.01972200613968462,-0.03056206326197724
1123,-0.028337777122671895,0.07309030370482306,0.06548135511864762,-0.02545764182359012,-0.03574930871370082,0.02756140258650269,0.08339536329561685,-0.032670706569753155,-0.08487818925041773,-0.03071649637127136
1124,0.11640835253818203,-0.023923425418216765,0.024121775640654985,-0.015302052193259703,0.02109106185425219,-0.04144295458093914,0.014364795467895165,0.08334725159633263,0.004121566153146553,-0.0553777538302042
1126,0.05021217478769842,-0.11692491369841115,0.12975766554210302,0.1392728540196967,-0.011111880816603845,-0.03634834791203635,0.02592461362242624,-0.12865736335036485,0.04212906095092502,0.07688162268328101
1128,0.22121227759747292,-0.14649063619937464,-0.29670464049518613,-0.05136968644170045,-0.1247641494317258,0.011021452117503536,0.08061889792432614,0.004751737858999502,-0.0062822713586874945,-0.19323258104466906
1132,0.07734654170730675,-0.016766288400823143,0.10819399665670044,-0.044366696392341545,0.0884788235302927,-0.05690226365349766,-0.06054240905515002,-0.0276716763804865,0.044812298835828546,0.0076952571759883485
1135,0.03244470660940908,-0.001901437590470725,0.08110627163369709,-0.08942800340049711,-0.02376855659782133,0.0064177124632902385,0.13537901517041745,-0.08909962763350375,-0.09824464820593531,0.03886916563391488
1142,0.05387974836245509,0.04168915076115148,0.06924108444858632,-0.004816116030377401,-0.05370004164844814,0.018915858411908747,0.11119093896260634,-0.04422051550671442,-0.14718049000513256,0.028738252658530437
1153,0.08959056604655471,-0.0683413967326746,0.02343568179331967,-0.04791928792011578,-0.04130583106715841,-0.10109371175655255,-0.1070342212094508,0.10207649855181103,-0.02459095222097353,0.051659608363879464
1172,0.10121046813163086,-0.025291158866860286,0.07977544124342659,-0.10287822260502962,0.014326709461988595,-0.12350492503824617,0.004100630338034704,0.03334769877605681,-0.09328137241397724,-0.07536282737880018
1181,0.07063927905615691,0.0075572064876015515,0.058749099994938575,-0.009334442821760354,0.016683348275716138,0.011922562303553874,0.03919199450713523,-0.07349705879629577,-0.02265654827422197,0.045626048281520885
1182,0.2554878611354838,-0.16987163388677895,-0.39081019454825777,0.026181665457399125,-0.05131833114282653,-0.19803148424233308,-0.01728939357761032,-0.0869871510700877,0.14400963532890965,0.061187853055372644
1186,0.09632936584484993,-0.007189502811762082,0.08262102952726438,0.022907747872225465,-0.03106160736106561,-0.013684472040375279,0.028611972634106815,-0.005790346649152222,0.062370619542139065,0.011151877640246976
1188,0.34328243482667037,-0.16840022626670592,-0.35935752281304795,-0.026373258425522864,-0.01898430014940492,-0.14368461543524289,-0.019751181165184508,-0.042646245394114796,0.014072680304259755,-0.1020672172421653
1191,0.11688623460006851,-0.0437388483637838,0.07028651444487069,0.042653946052709474,-0.01131727107586097,-0.0069978123538631766,-0.0069655365537142425,0.025675180377502493,0.011331720415318004,0.04873323616479884
1203,-0.37460852134239125,-0.3744740597116985,0.030238548834047325,0.19225710888660405,-0.0910743391820091,0.008462793230853492,0.019176137275421848,-0.00853506432836118,-0.048470028776200526,-0.042396219034316104
1208,0.05491049158565806,-0.05542552518100315,0.06476471525322416,-0.1071614004996406,0.04956103050870936,-0.15957121391551615,-0.03721993541832583,0.0689851137845916,-0.04796929628110853,0.0432190419587863
1209,0.0893733541521626,0.0584085880625034,-0.0728170819933193,0.08317698756603212,-0.06649000938592822,-0.06766724630662799,0.06272893696205786,-0.07824133316591246,-0.12550858838561857,-0.02936464463748056
1211,-0.055053793088337334,-0.10703905337723156,0.01118911220022088,0.028607751511915032,0.013665926699958315,-0.08576122590576926,0.004694121856464721,0.0994118817779769,-0.03689948812384511,-0.050164654531630666
1212,0.10690200789273191,-0.014658256562927425,0.15037936250360814,-0.03367747134923693,-0.00200206421572564,-0.029677653012718082,0.019391749372302407,-0.08506450499551327,0.06620571402948491,0.06223176322941783
1216,0.013875325580894847,-0.037420096103650775,0.015642971500525148,0.05886693781692187,0.009272310673384401,-0.03710378762625456,0.05383122508690599,0.011841702779793174,-0.02057142388888056,0.11544361621222943
1219,-0.3130409362247563,0.045943236700495514,-0.1601751440530633,-0.1888392583499312,0.09284155300357855,0.19535427462603994,0.04253168429938248,-0.1250292298283533,0.12090871752648152,0.03100638673686857
1222,-0.3544488579252905,-0.18428941518927927,-0.0025016453915557408,0.06131553433865227,-0.005664047613138573,0.0206507910883507,-0.008317942853672284,-0.040935322437256984,0.003454355439464705,-0.05527892314243181
