company_id,T00,T01,T02,T03,T04,T05,T06,T07,T08,T09
1,0.03895143384807671,0.12798366015224083,0.008985700174128223,0.08846509753109842,0.04063925258199544,0.03325822636542564,0.042320760049140295,0.5998998680847712,0.010511156870267086,0.008984844342856074
5,0.013932635984369843,0.10916593182564625,0.27649698797436867,0.013931312574848333,0.013932824204829839,0.2447029433212722,0.01393152678645351,0.034733601691170166,0.12231887674887107,0.15685335888817015
10,0.18944668192065464,0.010552336316918164,0.08957857679601064,0.06997518150335037,0.01055105024129319,0.4062614568937466,0.010551957651272405,0.1076949127233104,0.05750805232728236,0.047879793626161286
12,0.016062302904408816,0.016062070701591158,0.2919256174424999,0.01883835711329346,0.016064009128834916,0.5053721106004577,0.016062239172141415,0.016062490026124632,0.08748843180470423,0.016062371105943645
14,0.03183993813674249,0.004653284921886485,0.004654789033769105,0.042366172845212456,0.00465432464863374,0.19957220844459975,0.004653447499526428,0.07541794055991137,0.004653996261311824,0.6275338976484064
15,0.07431781187003869,0.029383284492385517,0.321287994504083,0.029383331578199594,0.03965157544046182,0.11808999502966329,0.02938383519338927,0.05405505040446459,0.05718701544820689,0.2472601060391074
22,0.23231566871830708,0.02399155373569124,0.1073138620761363,0.13280870278569007,0.023991861061355858,0.18341200450682318,0.1350971280299447,0.023990237644855472,0.06432757732208513,0.07275140411911096
37,0.11925774326821535,0.05446247293469559,0.1257650114288359,0.020829264736884935,0.1326153263733267,0.16876091219329345,0.010923582075073858,0.10851380883991074,0.010920925492069591,0.2479509526576939
43,0.00970777234110268,0.3043011319851466,0.025714215892602633,0.00970771328963192,0.009710005370088466,0.567017948870172,0.044718221627269523,0.009707455988983408,0.009707607331229242,0.009707927303773612
44,0.01953297734001205,0.08095325687332658,0.03375992097053391,0.0195328580625841,0.01953288909345576,0.10961683020667157,0.019532948999424763,0.05265679731921493,0.019532962804615996,0.6253485583301603
49,0.0003731951736398664,0.00037317734185911115,0.00037316694147140265,0.0003731494849656304,0.00037316395873863317,0.0003732212296629608,0.0003732651725065745,0.9035265585750856,0.00037323301163828235,0.09348786911043204
52,0.06977518292639726,0.013704245191430157,0.07342353952207385,0.07588884456159314,0.04001989371246207,0.0275015478148747,0.01370445785706786,0.013704899563044442,0.6465835572820033,0.02569383156905322
53,0.017003150591663903,0.00494359003966621,0.0018582545103922982,0.0018582625176140767,0.0018582472183220277,0.07674994587674748,0.0018583003995665205,0.0018583982586794097,0.7395973417307178,0.1524145088566304
54,0.10402485285689128,0.05087732476305023,0.050877295940897016,0.05087728793366322,0.05087737012416848,0.25029988169459805,0.06916826847698346,0.16328954128003645,0.05087739769251167,0.15883077923720018
56,0.5238098878718789,0.0037656502865762334,0.06566227336667461,0.003765129637173517,0.003764725108916984,0.08785543580465081,0.04184828581234513,0.039506995855899764,0.003764759649425092,0.22625685660645903
58,0.020598006915817573,0.008896238286426697,0.4231804420534901,0.008895494705845459,0.08032055828300622,0.09299617751929092,0.012885563431331173,0.008894968166205964,0.031845714631219865,0.3114868360073661
63,0.031122293707907357,0.03112162693264978,0.03112231106533175,0.12644304490008224,0.1302449842006879,0.1221403314736979,0.3047812967214207,0.10468861364434122,0.04652847865690393,0.07180701869697727
82,0.0020631533444811223,0.0020630359361735367,0.014932179362834516,0.009032287035574937,0.41186735682391296,0.2142252443150629,0.01614211453825233,0.0020631119837294276,0.11070909097237873,0.21690242568759954
83,0.0048854049255381195,0.004885247985272816,0.014629514318119935,0.004885251756654772,0.07988405655199561,0.4214470453189089,0.3383224484349538,0.01650069368713304,0.016272018379119284,0.09828831864230374
92,0.03256049601060473,0.018715239762062665,0.018712022833203956,0.01871233775115191,0.018717412505394805,0.44045707335156736,0.18536781285531004,0.018712046743140358,0.018712595830009126,0.22933296235755504
94,0.006447351687605025,0.00644790054405628,0.0064474620562121766,0.2147790003567142,0.0064482390553467295,0.27914464690805585,0.006447384751347843,0.039192424705106074,0.06866618425567764,0.3659794056798782
96,0.003948906844145121,0.003949549668921032,0.003949178420053921,0.09791853250848248,0.15523996529952577,0.3554052360365441,0.003948952387322882,0.035280214719301824,0.11559399685359084,0.22476546726211202
97,0.007838740174940689,0.007838986444965682,0.007838516485450614,0.24296589797404575,0.13385574697369423,0.25230909747099883,0.034257822854766085,0.1090986656764287,0.042158385032873946,0.1618381409118355
101,0.000454564468177528,0.0004546101502285339,0.00045460141772362593,0.0004547306360275103,0.9959086085551956,0.00045460121876593284,0.0004545729923895768,0.00045457529732239184,0.0004545638450829505,0.0004545714190863644
103,0.0031733177827786897,0.003173437011126523,0.017734047828663967,0.07994752162060147,0.0031732678459491597,0.0749411463033243,0.003173238284915526,0.0031734290635363122,0.6554703800539226,0.15604021420518147
106,0.004415441874204648,0.0044149635696020765,0.004414921466583098,0.004415201404985516,0.11474626120315806,0.10241095586691158,0.09847855542308294,0.004415124808305544,0.1102580086109997,0.5520305657721668
110,0.022490619147768145,0.0006211662850965766,0.05361403640144179,0.0006211754733027418,0.0006212262011562529,0.40008731331667663,0.0006213176145005836,0.08776011038404304,0.033116469646540504,0.40044656552947394
112,0.03518827226230357,0.14002728372980947,0.03677574230064976,0.03571996709121187,0.09036155654458895,0.3574936974106406,0.0382235417010981,0.08998597142959615,0.015990655309284823,0.16023331222081671
116,0.06811667036453714,0.12225200421240483,0.005276809183590872,0.06329967957552778,0.028721099759849815,0.32028558490476633,0.06128062220874939,0.005277691744281215,0.1643384488120381,0.16115138923425446
118,0.039290996027955334,0.023413740610238206,0.0021954395598172876,0.0021952267487640883,0.002195627695992701,0.7361334026236896,0.0021952892375409023,0.00219524938536757,0.04944150295263683,0.14074352515799746
119,0.023203080520049057,0.16809374914230346,0.04346566540398406,0.023202837223350647,0.023205648545009606,0.25897273653705927,0.18987085730360434,0.058052796660754274,0.023203521335560463,0.1887291073283247
123,0.04638727324824766,0.02326056606159181,0.03160852646150755,0.03926638867209303,0.04084510791576348,0.07842488959863023,0.03261767692151877,0.029459633753556008,0.6219186731444142,0.056211264222677325
127,0.0015876618877685102,0.0015874556097849942,0.049048839326259606,0.0015874436590429203,0.0015878222858165464,0.19430792812978384,0.001587582611557499,0.07437748304169634,0.2723068703674393,0.4020209130808505
138,0.003031309049880855,0.003032755934167069,0.0030304561099428616,0.0030304821159599584,0.003030628951131277,0.38233586641417194,0.0030305670886950475,0.07442472583436828,0.0030307077111818848,0.5220225007905008
139,0.1443464314289417,0.021113658479583314,0.0796809321227012,0.02111945994148802,0.021113611610025857,0.1877746173492751,0.021114745962344982,0.0211142941340426,0.021114252550362547,0.4615079964212347
155,0.09181815417506234,0.007983013525971723,0.007983598634816102,0.5167335223268744,0.007982503133123046,0.11843126316535367,0.007982469982134466,0.007982381501560925,0.007982752810916111,0.22512034074418716
157,0.0012162702500967716,0.0012162648916213218,0.0012162414871698527,0.0012162579003116376,0.0012162473893167754,0.018043728193025847,0.0012162373729959677,0.9722262033956168,0.0012162824976708695,0.0012162666221742625
158,0.05078141312617736,0.0507813711371765,0.09107561093588368,0.05078140509567478,0.05078142252414061,0.301298366693946,0.05078133288049259,0.09523925025008867,0.050781579964211496,0.2076982473922082
161,0.007481061111155323,0.0074809930609712645,0.00747990645988923,0.2741364122520461,0.007481864380246191,0.34974012295869145,0.007481237814595423,0.007481024226386908,0.06880723437459714,0.26243014336142106
163,0.027794802771442313,0.03083072009821341,0.019091926117457983,0.002689640247285784,0.7344663447692534,0.15539771670842642,0.0026895267959432733,0.002689551878688353,0.00268960915543242,0.021660161457856607
165,0.03265978525311994,0.12441791686325639,0.013310480954054718,0.013310953744420977,0.1561670963451023,0.47083174518712084,0.013311713317084507,0.10335267938592485,0.013311733089927237,0.05932589585998824
167,0.16122484419867764,0.009714062561376968,0.009713776229554785,0.2097101648574652,0.009714316039149214,0.1915156073808549,0.015113348327466112,0.09746332633261974,0.00971469711785208,0.2861158569549833
169,0.26162935601762516,0.019627031979306236,0.1386723545623477,0.08844354290775366,0.01962986536552575,0.1232140371089695,0.030980890093213413,0.16238925211462216,0.10346411219939385,0.05194955765124259
171,0.00034848458688354196,0.0003484974559815514,0.00034846152437907385,0.0003484659169593079,0.0003485161604297428,0.00034858676474088597,0.00034852771870241714,0.00034853065111615833,0.006021237266154784,0.9911906919546525
179,0.00045873814604592106,0.0004587788457992727,0.0004587670918748571,0.00045884936091350763,0.995871132184601,0.0004587655800896633,0.0004587392225084337,0.0004587452094763401,0.0004587373767504596,0.00045874698194032533
186,0.0004367050352775345,0.0004367378599951763,0.0004367289761546143,0.00043681217498158116,0.9960694459470066,0.0004367421340231144,0.00043670253025206174,0.00043671317380146007,0.000436701044124935,0.00043671112438299116
188,0.0065637297192390354,0.006563659319565507,0.006562995977535017,0.0065626284081112575,0.08807713811965061,0.7011807334158824,0.006564289540357064,0.006563493501582671,0.006563323044611305,0.16479800895346525
199,0.08711514311451829,0.010138597400607354,0.5071887898038577,0.11158249067617702,0.010139533435998207,0.010138930269679517,0.036512973204581634,0.05944570368626429,0.0855863072974778,0.08215153111083817
209,0.008862667606651607,0.008863084414022976,0.06211025363480697,0.6199565828367765,0.008864672978114359,0.1998087929669827,0.008863061866828446,0.008862621020495154,0.008863539162594927,0.06494472351272637
212,0.001449542548081296,0.001449495634808583,0.0014493479012618405,0.001449430980528378,0.0014495277929334354,0.4875449688588475,0.0014493715017103923,0.02126165640864019,0.03889950239480843,0.4435971559783799
214,0.080375479397386,0.0199253338456265,0.019925590469032407,0.1865885251484264,0.019929416552619383,0.3770745230874371,0.01992552442648107,0.14214695376289546,0.06989946615012281,0.06420918715997276
217,0.33976202206697176,0.0025787661156512856,0.0025786042884210665,0.002578942779768215,0.2046761589732579,0.4375102650826764,0.0025787986894554916,0.002578899564139717,0.002578682311926788,0.0025788601277315117
225,0.01022206601551299,0.0052748782936266,0.004271050033926953,0.004271802580085644,0.004271099153509571,0.004270925416064375,0.9097157094697593,0.016512966022486635,0.017464903590959705,0.023724599424068214
226,0.11972639343741202,0.059731670375142314,0.03639371972123756,0.0363942709067808,0.0363963420884938,0.3548808858893672,0.11972126647894969,0.16396815196291112,0.036393794704741016,0.036393504434964453
232,0.016905315451505833,0.01690630015760688,0.04797092046988295,0.016905225904352686,0.01690654226271921,0.1957315921874641,0.5329092458814495,0.01690561875354518,0.12195232204131641,0.016906916890157216
236,0.00041324643235307845,0.00041327966003884466,0.0004132771797597101,0.0004133496202900025,0.9962805929403139,0.00041327155821127066,0.00041324623038722246,0.0004132487975759151,0.00041323766483441755,0.0004132499162356355
238,0.009600639901616354,0.001547358490300188,0.02051871163664634,0.0015472340617260153,0.00154721662768525,0.48135954048824403,0.0015472248070474634,0.0081344872062442,0.031796520999945586,0.4424010657805446
240,0.5101891049331484,0.002728420940433388,0.0027282831685342627,0.0027286866728829617,0.14040180147611117,0.05504464196421278,0.002728539281947334,0.0143523789774418,0.23519570249885544,0.03390244008643251
241,0.033985164447161466,0.03398508511116705,0.048639531717081456,0.03398507591091842,0.03398508162909967,0.4047427840796529,0.03398521467870338,0.12714077270194404,0.08755981378869156,0.16199147593558008
245,0.09830520361404843,0.004874790313199448,0.13705038604601252,0.004875259752141046,0.004875244047683085,0.05517582986577035,0.004874610770206169,0.01705328677009535,0.10787666115730671,0.5650387276635369
246,0.07326170298190654,0.06162838684002012,0.05000119034190303,0.05000140490353018,0.050006959215383714,0.05001396806743947,0.0500000000174176,0.050001943547412164,0.5034528816271919,0.06163156245779532
247,0.05000000003272913,0.05000000006374436,0.0500142540308335,0.05000840195863685,0.05000000004072501,0.05000000000988926,0.5499525604400044,0.050008635431258136,0.050010379773430695,0.05000576821874873
250,0.0026004121779231414,0.002600567514166484,0.002600299090364514,0.0026006772379686405,0.002600840552563918,0.7864940072908315,0.0026006376544676136,0.024969795020245718,0.01203196156927762,0.1609008018921909
254,0.09386304460491125,0.01587595842347279,0.15149771108893595,0.2171811130745738,0.1144140741329224,0.3243618950950066,0.015876451253779303,0.015876019959526616,0.03517762575781235,0.015876106609058818
255,0.03388941660169888,0.07866722262337442,0.02238211265874193,0.015947861614098433,0.015949514569030123,0.40091812120249404,0.015947991894698442,0.02351669080076738,0.031894776923185125,0.36088629111191123
256,0.0007521546358273494,0.0007519387182847523,0.07486126137724514,0.0007519677427913028,0.0007519375167578659,0.5480646825326114,0.07739527221036421,0.0007520203391018777,0.0007520610367534056,0.2951667038902625
259,0.21242106733572091,0.01607225354761963,0.031491501688459586,0.0874956881826843,0.016074297644004608,0.20865795894744185,0.0874948121528715,0.01607100329807107,0.01607299303777902,0.3081484241653475
261,0.11398061582999457,0.013435361121803246,0.007281187627788272,0.007283832018821,0.03742018631326415,0.17066148382686858,0.4097646199299416,0.11744683303317124,0.07501555869750838,0.04771032160083901
264,0.011756804739592017,0.011756459557523462,0.05345914374385826,0.26175073729644666,0.04704531627656546,0.30033539513208923,0.011757064410645786,0.011756651096219132,0.011757843790954311,0.2786245839561057
273,0.016770427481380912,0.016769524509348897,0.016769653383364384,0.08704228006804576,0.01677049187613774,0.06270711405850947,0.016770167637114385,0.732861047095532,0.016769440528141822,0.01676985336242458
274,0.26237571791781,0.0005781623640810837,0.0471376243648642,0.07865443119865903,0.014402980407641935,0.5945385163090947,0.0005780910542556919,0.0005782189094756228,0.0005780937250286811,0.000578163749089186
278,0.03666865141326939,0.11242593564247301,0.2184801557804944,0.11750924422021337,0.08915832530020201,0.14272553556564543,0.09727183280495035,0.11242471286605217,0.0366682132248812,0.03666739318181867
284,0.0762005161588351,0.054292171974021364,0.08135163819100678,0.07051412754452714,0.042891170768160486,0.04610995664822796,0.36007390729262395,0.059489031759580376,0.04289278454287577,0.16618469512014108
289,0.001745404731955545,0.001745314206157258,0.0017453493184862762,0.027908203410858416,0.015956131290865094,0.8732001438563284,0.0017452815368358052,0.00528265445530223,0.011878056786786528,0.05879346040642442
308,0.002132444707351731,0.0021325850511845013,0.002132650771026208,0.19227389283327417,0.002132682909506251,0.29699759946393256,0.4808662500479778,0.0021326801498378354,0.017066625403555215,0.002132588662353674
322,0.02614750140622175,0.14042824689215874,0.0016811337251593228,0.25342163696884673,0.18490212918207594,0.18360034928799773,0.03041985088242909,0.0016812241699727128,0.17603677751674685,0.0016811499683911288
324,0.003282204549432661,0.07129450319432415,0.011482342604168604,0.3470406626039842,0.19464961167574468,0.1687358912838874,0.08197238790422037,0.0032824730968274997,0.096561354820779,0.021698568266631434
326,0.07635716764365282,0.002250860141453403,0.0486346446815802,0.0022502016938479455,0.002250323378531585,0.8165701788211874,0.0022500953849109214,0.01668067552066269,0.014501859217693562,0.018253993516479477
330,0.07283657626501636,0.008321239898986001,0.018262233265507095,0.00410057819583084,0.004100566762849134,0.1757003073458819,0.0041012309647240645,0.011031353413418798,0.11786086803905271,0.583685045848733
334,0.0030756647749600762,0.18723403637185684,0.0030751272231450493,0.1414978272535166,0.00307605624946306,0.5564775618949839,0.011986181988711098,0.03564729932769562,0.012331338755936734,0.045598906159731174
340,0.1040409571936726,0.37235738966278387,0.06036363304715194,0.13990688535769905,0.0571282107743918,0.13323690953577622,0.04514363720768587,0.02927402959986495,0.02927435063249953,0.029273996988474178
342,0.12045130925737649,0.027025782133204553,0.055482579089611114,0.027024058245674838,0.2864934151084403,0.19403678096780286,0.027024068241850222,0.10139209811339034,0.039155923193224924,0.12191398564942439
344,0.05987617238956688,0.12822416756370944,0.03070975951625995,0.10935379242492618,0.25540538540638563,0.2557263599983103,0.04435803024511449,0.050064012615218374,0.03836064037604774,0.02792167946446104
349,0.4973733348306983,0.010757099679662464,0.04131925204719172,0.0261309904140721,0.09390693338495515,0.1068471120039226,0.021263813229917675,0.010757422865107634,0.12951994077598067,0.06212410076849178
355,0.001896130335818977,0.027614081402694043,0.5516369792258646,0.011068183660193765,0.015123701495890726,0.1475964555288281,0.0018961148674633667,0.0018960868097200947,0.0018962259880345494,0.23937604068549165
362,0.0856638107484523,0.0654621857701931,0.030148583080474353,0.0161795863782253,0.1429046118352703,0.3552811621485562,0.004859125417032913,0.04868488373926465,0.00485907617914138,0.2459569747033895
366,0.0017291147240716493,0.0017289346710382728,0.2704369822979785,0.0017291048248944132,0.0017288800004672355,0.7157302696209202,0.0017289908427700201,0.00172901479724895,0.0017292165126775838,0.001729491707932978
370,0.055994135867934454,0.10242889044725874,0.15660881716419597,0.30654607777467924,0.006611540016762323,0.20103337066911783,0.009755412558681958,0.07033519494522918,0.05347532602222327,0.037211234533916955
372,0.0018186929411719624,0.0018182531984461884,0.001819294364816455,0.0018188879152611118,0.001818630950753102,0.690949519453351,0.0018185458967777946,0.0018185556421521712,0.0018196525469502357,0.29449996709032
384,0.039751058613231256,0.03975411860200227,0.23558308500616643,0.03975023312546347,0.03975100011908043,0.38653305799741633,0.039750259603468174,0.03975418983703567,0.039750158337521956,0.09962283875861408
385,0.003828702077596014,0.15599309516770773,0.06603582120157857,0.08342919788125228,0.0038286318825537834,0.42595541212187144,0.0038294020935100786,0.0038289168086939832,0.0038287652444994494,0.24944205552073664
387,0.11486513785932916,0.0333815656211872,0.04724436622058356,0.0775465086237655,0.019500379013600137,0.16910060694431148,0.03908269954864662,0.31998209497148267,0.11369344320817966,0.06560319798891401
398,0.20038861949778117,0.01523125449756358,0.007989498841991979,0.0036054389860581022,0.003605277549694486,0.5790811065769,0.0036053509472934475,0.1393026551361642,0.0036052583594276097,0.04358553960712535
408,0.1977713587226915,0.003604252723986713,0.0036034747524894203,0.02794053048444177,0.11046539081099485,0.15488388585522558,0.0036032533298558786,0.2578965736140302,0.02045299607549225,0.21977828363079194
414,0.0016670598869181717,0.0016668045869117313,0.001666830500381947,0.0016668048384737449,0.9849977631733007,0.0016671272441511251,0.0016667942332290453,0.0016669802639020623,0.0016669042191903723,0.0016669310535412014
424,0.002361507936058695,0.8029544633947459,0.007057033314285355,0.002361520382182813,0.002361484223469853,0.1409521669792868,0.0023615498938668387,0.005512056505956993,0.0023615451427570033,0.03171667222738984
433,0.14267915893555017,0.012048100976401549,0.5238888325973629,0.020767849448187412,0.1437173872215543,0.07436423341664467,0.003539025087714018,0.002479782954493177,0.019037428523464163,0.05747820083862772
435,0.13506277214778417,0.009616332465241734,0.015792129972125174,0.00961645416965472,0.4262738243080835,0.23347423542021048,0.009621196103991043,0.009616473760146332,0.0213904399627253,0.12953614169003755
438,0.1223713978143247,0.0028214615480919936,0.01139124073069713,0.002821291721543059,0.15679345608765027,0.16398243271640967,0.047320308488216466,0.26983248564527756,0.12112741629959485,0.10153850894819431
448,0.0631668636450807,0.06475976625711183,0.026173401121727443,0.010119602338954054,0.010124624564676252,0.15476026815982025,0.010120300479788392,0.010120717318593786,0.010119248364580932,0.6405352077496663
449,0.0021326531052442417,0.0021326404808766825,0.015245431638272943,0.058996208227313614,0.00213260331430794,0.4837215053629811,0.0021323595038962497,0.0021325372189952216,0.002133023161990893,0.4292410379861212
452,0.04577826407936103,0.0457778129618935,0.10707489055236653,0.04577814279156256,0.04578235423270462,0.04578132702499996,0.04577783787559,0.520543034000747,0.045781312480390836,0.05192502400038392
454,0.01659627048725627,0.06766246887085359,0.042174006319645956,0.005205095101261123,0.05392213201542762,0.1759891952681763,0.014503173009827607,0.04243097676769421,0.006260401307149828,0.5752562808527074
456,0.0018974502946348937,0.0018973911970446254,0.0018974221846582012,0.10006026228112952,0.0018974689625771816,0.677763854245605,0.0018974283787276326,0.0018974249707468902,0.001897458763795118,0.2088938387210809
457,0.042902085477684385,0.12598866343506082,0.05154621379392759,0.031040994970301744,0.04451635631376311,0.3396240902910164,0.008802501922459464,0.021464505632120157,0.008802882588772905,0.3253117055748934
468,0.0019235011277615901,0.00192378805394605,0.11859796830321039,0.0019238757257891753,0.0019234030863184413,0.6146344066051025,0.2533015946651439,0.001923866615274704,0.001923809128168425,0.0019237866892846487
469,0.03827893138820629,0.10978113036011161,0.03827853190928483,0.038278581391399995,0.03827900985457402,0.27629800215127637,0.12674551857216956,0.03827886257579706,0.038278620715619764,0.2575028110815606
472,0.015177636397184608,0.005597824568869872,0.01225594419937651,0.005597434422299058,0.005598257919883119,0.4200242107869407,0.2355670812079929,0.058116243849847746,0.025476411531409532,0.21658895511619586
475,0.375191422587204,0.06070243386832651,0.13399241006990456,0.083800745483494,0.042236682555831934,0.0699135532994389,0.029226739589042955,0.05300000177692577,0.06595162452381614,0.08598438624601516
477,0.048861304729141,0.011695443747748294,0.1015341610282556,0.08600257890994076,0.09828511030625267,0.569778644109331,0.02212812117013072,0.007705744393643655,0.046303515991640024,0.007705375613916364
478,0.0036186181614475993,0.00361723612641309,0.0036169865531558783,0.3652267872944382,0.003618221950350302,0.26274788396022514,0.12832353343500733,0.0036169869256416462,0.2115880512002389,0.014025694393082091
479,0.04565834214387305,0.009871234488509907,0.01595344220572061,0.017911578623489546,0.08729071962375455,0.24928086453839068,0.23444931441883046,0.0098695587681082,0.009870018706829934,0.31984492648249313
480,0.002023709220032064,0.09095188187546277,0.012832160396856487,0.23737100061471864,0.0020239984816683813,0.5783874919662325,0.012518118259235371,0.0062597573597153655,0.0020238524789344477,0.055608029347143983
487,0.07232802184149766,0.011779228609653533,0.006499790040569411,0.07264872048448061,0.46179868391511636,0.3127666601049726,0.006500105126152833,0.026505010213199117,0.01351912851548224,0.015654651148875667
488,0.04842453268922523,0.06802457253429499,0.00222543233725033,0.0022254328868026164,0.002225192565629899,0.6068746440421605,0.15787101101434903,0.10767859072873918,0.00222523299848879,0.002225358203059411
494,0.0866462155922867,0.05697709055279715,0.06335161683140089,0.008984535459853121,0.008984987666223028,0.253426236383482,0.022642422776352353,0.05085704306021107,0.11522725792193478,0.3329025937554589
503,0.5233455639356137,0.018103196044711112,0.01810246429209178,0.07365658524945869,0.0701335466487983,0.07365422602343948,0.044912590600011834,0.01810413897898788,0.10143360639832964,0.05855408182855758
506,0.1311086467269507,0.017048443881437787,0.017048601237595464,0.017048492594295837,0.017048417406038616,0.017048783816810367,0.14209376437935448,0.017048398998520592,0.12987502064018414,0.4946314303188121
507,0.05224916923649814,0.019750390102205893,0.0190869971560828,0.014126586836347054,0.02176694934388581,0.4746266686207553,0.028597774254364723,0.027950280030640883,0.07463358815257384,0.2672115962666456
514,0.02480037598050246,0.008399036007810588,0.0026584367092673247,0.3575830757648536,0.12271665038581361,0.3904120124866559,0.02348358794043152,0.02247927780384667,0.04480858657020475,0.0026589603506136854
519,0.003477236807493076,0.011682115465199112,0.6466130760455331,0.003477268015199353,0.018253082791559377,0.26427840774940037,0.0034773626845642598,0.0034771896157202594,0.04178710040149642,0.0034771604238347012
521,0.008086589864500436,0.43665359250275393,0.08496199577788988,0.008087691904484606,0.008086581303955164,0.19337107838102072,0.00808639281692645,0.008086431753857197,0.008086577270799542,0.23649306842381204
524,0.04524309175397975,0.005736825582788329,0.005735685830118235,0.005735357794238198,0.04494860684906993,0.005736535733022029,0.7808304869430697,0.005736267666294663,0.005735821993343986,0.09456131985407526
530,0.12268042897311116,0.039353044038147385,0.03935445897087262,0.12268616262848923,0.24411366629832054,0.039353946315540116,0.03935386180664213,0.03935305078615483,0.274399384455469,0.039351995727253
531,0.0008887661778889854,0.0008887430119559395,0.000888691649844262,0.0008886760989445698,0.0008887589273631787,0.08886013392344295,0.5716254818871034,0.0008887467027476687,0.0008887269878940325,0.3332932746328151
532,0.1983136708673635,0.1692886709091164,0.03354850301818702,0.0820746415396172,0.04235211395546791,0.23401012680657812,0.006988503319005784,0.13678122440862817,0.03616276814389412,0.06047977703214172
535,0.001023682303777288,0.004838641239769989,0.010923363670437218,0.005323908529769093,0.0010236651380266318,0.1725809494159857,0.0010236268178466065,0.7484939016398618,0.013488257947658393,0.0412800032968672
536,0.02482929902160954,0.028176398955943392,0.034865437690472165,0.00222372211216629,0.006826961289917733,0.41163596032068844,0.021514431624649284,0.0022241183778260037,0.08678882310667083,0.3809148475000563
542,0.033564857266090056,0.049967192915872934,0.006925815223991283,0.1530507356096366,0.006928365097179601,0.49011657443179507,0.028746648401641973,0.030420817833841696,0.10381593721455427,0.09646305600539651
543,0.0055401941060133865,0.025571520052114338,0.06582789957661069,0.0888707835402531,0.040470113103248384,0.07795582711899104,0.10046993263673824,0.05757806175795677,0.40694011941696673,0.13077554869110736
549,0.06550168761045559,0.005829938760945682,0.00583007854423678,0.34928757090185897,0.005830824668744784,0.09309111073356942,0.18146082767520075,0.12910454685024458,0.07103877393977645,0.093024640314967
552,0.006465981498822714,0.006465415281974088,0.19730895158015818,0.006464739499540113,0.006465048046567941,0.4597249527457148,0.006464898536289352,0.044116217411929365,0.006465688651214025,0.2600581067477895
557,0.0026160865575041523,0.0026154435826359406,0.03909339765998044,0.002615352491316405,0.002615461272716949,0.23024782571234464,0.0026162249164055147,0.16226442059945725,0.1293749761762713,0.42594081103136744
562,0.003631904032343186,0.01208317966748897,0.0036317929437342284,0.003631857881346054,0.22297997814496617,0.409429204478336,0.035322823095622805,0.003631928666645024,0.0036321399367010847,0.30202519115281656
570,0.24064879517514842,0.0013335701690347433,0.0013335437390717584,0.0013335385930966666,0.001333472970699547,0.44719984493284076,0.001333567558968019,0.14679025000168122,0.15735963660192473,0.0013337802575339181
573,0.004995273719378281,0.056606679930310426,0.08075581826361357,0.004996055020378633,0.1995921179715076,0.35927707656258356,0.017370242475168142,0.004996006966197138,0.04616578293483313,0.22524494615602958
574,0.005891062196721945,0.29098231531222907,0.005891073728522356,0.15107652385035092,0.005891164123491563,0.0058919134568089886,0.005891487078054087,0.007551545557855101,0.005890997157741284,0.5150419175382246
579,0.1913219529812136,0.01745590292971376,0.009839788369189228,0.15666136803107786,0.009839734255966211,0.17592386111574007,0.1656368147252557,0.009839775806730936,0.023372191669267222,0.24010861011584536
592,0.40790133449454324,0.07236244150794509,0.08722741487064839,0.050138199584677884,0.04138141530037405,0.22185860744734645,0.0399714442545748,0.049685483039678374,0.015171887782098372,0.01430177171811329
595,0.005114697605202244,0.005114467884728899,0.05804733824378894,0.005114966747193267,0.11884261195377636,0.23249176297188973,0.005114704889959307,0.013768982753188424,0.01986989186287304,0.5365205750873998
599,0.20631600881108886,0.009673316192549292,0.00967351719976306,0.15067772902986581,0.06902254632063519,0.1680073985870164,0.009673297110028498,0.06583991120402737,0.19096874169119413,0.12014753385383133
600,0.016523845310498032,0.035640151435106744,0.016336429857521626,0.10870761612644494,0.09106596428914718,0.4752767128848,0.01641837519369106,0.013473286343979858,0.12595768047859074,0.10059993808021983
603,0.0364167434252541,0.09332283048245733,0.00873582483648022,0.040610057920150024,0.3538608563399782,0.3675356724668856,0.008736042028002315,0.07330894453490858,0.008736364019754257,0.008736663946129385
611,0.00324945080587987,0.003249544262175379,0.0032494554730229945,0.003249362838568217,0.0032499981765419504,0.2613889253561587,0.7017711437754883,0.003249526608930988,0.0032497365601462163,0.014092856143087395
621,0.026683099324788018,0.0121444759615908,0.0024541553063789434,0.002454228362511011,0.0719157765661241,0.6244249886807463,0.013478460750746445,0.002454011693306675,0.07419356968555751,0.16979723366825022
623,0.014774558378204735,0.008443321826347418,0.26959633094961954,0.008443210823669813,0.008443353088662528,0.37714309443341476,0.24758328741907648,0.008443225442768204,0.008443330497413953,0.04868628714082265
628,0.010390831002672999,0.04345862545905123,0.023415836394532586,0.010390874917485258,0.030585758572136322,0.17343664518387303,0.1744710341928686,0.055958996080758674,0.010390889220469764,0.46750050897615153
633,0.034060373803642234,0.02438001287610397,0.0056895537834653065,0.5192305918490586,0.005690955602808869,0.2235470171071574,0.005689862064513762,0.005689770033321173,0.014027622059218384,0.1619942408207102
645,0.056510458623648965,0.0036040227702244104,0.011390930312535484,0.0036042976677471638,0.0851461897858985,0.4636937010761948,0.02238201177693542,0.018576123844766177,0.055918294326050125,0.27917396981599896
646,0.003323428097759513,0.024825902223912517,0.2083137821540008,0.041184551103799,0.0674257218033886,0.3260642802112693,0.014723479402663072,0.01612098370002002,0.003323789977192508,0.2946940813259946
654,0.10011909184609537,0.007428557935377289,0.20292640777134258,0.07786311836367378,0.1484485873546378,0.4189906387678733,0.021937987618059162,0.0074288502567601946,0.0074280924323231945,0.007428667653857324
655,0.005138235955576316,0.005138674967380075,0.04216115611071263,0.1869512805099004,0.005139491686917073,0.5610185885481119,0.0051396653642956005,0.005138189575498958,0.05230802881383241,0.13186668846777466
662,0.07777809484895462,0.09995637758105697,0.13333092339790673,0.07778008705736261,0.07777927031244919,0.11658389777328715,0.18345624505442534,0.07777855107177085,0.07777793165817706,0.0777786212446095
670,0.00347921839555454,0.0034792240283779956,0.0034794602499258758,0.0384901849368237,0.0034790383779667276,0.2821536826273315,0.19660080828641918,0.11781072045039422,0.34754872544416987,0.0034789372030365117
671,0.017251743498566497,0.17666885231027143,0.017251837696172206,0.2539273278300577,0.017252913501966626,0.28684621971353064,0.017252032774142254,0.01725292978132718,0.0715532062713155,0.12474293662265003
677,0.1768321222907794,0.018040794799821656,0.03621294583238611,0.05970292703280179,0.01804300514813803,0.4379870441000207,0.018039259043880526,0.018043406215759325,0.1847015052860462,0.03239699025036617
679,0.0367487725318994,0.006136435096829536,0.006136108667903273,0.049096648217853346,0.5289470436886545,0.30556117419427103,0.006136924779089684,0.006136368080102955,0.006136527113360724,0.048963997630035457
682,0.00892026658045906,0.04122216728208848,0.008919619602632559,0.008919122584724966,0.012858822568075082,0.18786397769590094,0.17077418246504622,0.008920388351902257,0.0633413168378125,0.488260136031358
690,0.29316423837274613,0.03736364022392448,0.00604868802342737,0.12902768656145677,0.006049921047208512,0.2632045446385273,0.03433590280994501,0.07922954774920941,0.03691685296762833,0.1146589776059266
693,0.174625806718331,0.02362668163855058,0.014622127711929524,0.03836835270514323,0.014622091171932652,0.49950698638909014,0.014622102367963631,0.12793366581926144,0.01462200906594124,0.07745017641185661
694,0.093847049920493,0.05893440122226434,0.001587489314231418,0.0015879662051907948,0.02989720921334201,0.27522248157470913,0.0015874454738215998,0.0015876062507932558,0.26544550554704915,0.2703028452781053
698,0.01623067798058266,0.016230467947729726,0.05710724532440459,0.016230548779509968,0.01623127102656654,0.3312031329350084,0.3634493378106488,0.04531996591507654,0.01623033808500232,0.12176701419547041
701,0.06279199418081936,0.028434139898258312,0.0413628953270722,0.028432493786075323,0.1534324571965712,0.21271032671959525,0.028433565960111026,0.12217270839580724,0.03719909944172145,0.28503031909396864
703,0.007622912100697748,0.0009934059478524271,0.0009933818367685175,0.0009934308421916983,0.0009934159605150803,0.40307018464590155,0.5033593606769575,0.023074458279201203,0.05790591591920884,0.0009935337907054068
705,0.0014183453555709727,0.001418249409378651,0.0014183919201292442,0.045694436542567565,0.0169329645892941,0.5611810469402073,0.0014182805435624158,0.012236269303748413,0.02115530419042993,0.3371267112051114
706,0.0006712529514747427,0.0006712771818512102,0.0006712339456727373,0.0006713692963101036,0.0006712386218657375,0.4138876788988334,0.07496165445119517,0.0006712866913833402,0.022254421225129172,0.4848685867362844
716,0.017784591349175097,0.005382087060185301,0.005382078849732591,0.007624770103473716,0.07204639200439997,0.5626480954471924,0.006851253841208367,0.01720282380537327,0.039529613917089215,0.26554829362217
718,0.003064509680965318,0.0581260060739101,0.017256482507803005,0.027837760653114923,0.003065099819115357,0.7519128546728582,0.0030651290100404257,0.03033816547819496,0.003064987094114671,0.10226900500988308
726,0.15567735067451283,0.1683679005323487,0.05566836852015366,0.04216475810050993,0.02424586994533883,0.05163903194475171,0.34214682163163257,0.07757792147489186,0.05017119965677841,0.032340777519081425
728,0.001923445752355562,0.0019237338449545863,0.0019235024324632903,0.04043155925562725,0.0019238684159997624,0.6122824866802259,0.0019236319514830055,0.2925547445702398,0.04318937482091504,0.0019236522757357108
730,0.003153326449873967,0.0031534147718516,0.003153334796804269,0.0031536107666826473,0.003153510659454505,0.7545185879590357,0.034648393820577765,0.09320519307799617,0.0031530582968467614,0.09870756940087666
732,0.006856199337841942,0.006856108639007703,0.01581141700986788,0.08808710751746353,0.25726312571279547,0.3818327493777392,0.006857934994737577,0.013734083642479354,0.0655009262825365,0.1572003474855308
733,0.0030096061595587032,0.0030097958819463905,0.008490946711082964,0.03325432077157104,0.022701609493877842,0.5795993451440679,0.06488846604761896,0.00903934553345998,0.13669149507734876,0.13931506917946748
740,0.0019611455890107534,0.001961178709923433,0.1482392576087939,0.0019613702635466416,0.0019618083691538635,0.3668477247311,0.0019608594675723226,0.001961319131953281,0.0019611447296200408,0.47118419139932577
741,0.000980698006792833,0.0009805154945972342,0.0009804804821899997,0.0009805395585908523,0.000980574680339451,0.5636886630664625,0.08233024444254941,0.0009806935987047183,0.032399365057216155,0.3156982256125568
744,0.02602063798269348,0.02602046952896433,0.0260206387524568,0.026020549799126817,0.2760014434800066,0.5158175638776679,0.02602050592484525,0.026031263170122127,0.026024361273890045,0.02602256621022664
748,0.004630517912604124,0.015563970973546866,0.0022035895068308,0.08997603745912158,0.002203700192431889,0.045813807468374206,0.002203598389522551,0.002203902114849633,0.735278221592311,0.09992265439040722
750,0.015952143174272106,0.1826098612887082,0.030884214709101812,0.03969391705876805,0.015954088841235066,0.22765022631100992,0.028521973315495983,0.015951243462548614,0.3007754946099811,0.14200683722887908
753,0.00156236058135303,0.0015623084453595486,0.06409713105934782,0.0015623509319713583,0.0015623511424101245,0.5333091688873818,0.0015623698083144602,0.05047720388176082,0.011847604132184851,0.33245715112991614
756,0.2717922226554214,0.049312456143790366,0.00411879513351037,0.0041206974916512045,0.004120038273821633,0.21677244117926397,0.02374264137766633,0.004118856906242948,0.10188753477527873,0.32001431606335307
761,0.12657755834801848,0.16755023684598844,0.028666238199496256,0.016420385146294143,0.0075556864561893925,0.11552972774787076,0.007556693599285458,0.0921652311984359,0.19401903631614345,0.24395920614227778
764,0.02988710853457225,0.053157452863235546,0.5676382423681314,0.00945596338411326,0.05005328309096444,0.10274538541222382,0.08993107272708178,0.04038811871302066,0.03407581156104027,0.022667561345616524
770,0.024390755826763054,0.0056850894328525576,0.005684621520804701,0.05397476239868011,0.011024823932096773,0.04447713706237556,0.7581212950807242,0.011459381910110407,0.03407655150928139,0.05110558132631126
773,0.0056989773114141575,0.005699020275366699,0.005699280429359804,0.026042276332391402,0.48894037580815886,0.36044233926929803,0.005699565314169879,0.005699420895661231,0.0056999144106961285,0.09037882995348379
777,0.006123897023708195,0.0031062432487685395,0.007269960102491006,0.0031068858027638114,0.01024323932609235,0.3424668732404505,0.18494362451772658,0.012572903721182766,0.0726745071060877,0.35749186591072846
781,0.0031888635543945304,0.0031888671665048916,0.07285053575893448,0.003188590307755219,0.2519719419267541,0.4582568294090749,0.020345993519192078,0.021725568178615564,0.06228141927702633,0.10300139090174794
783,0.156034945213653,0.02117948893943165,0.021179539085642563,0.04388389201541115,0.08577922859366403,0.31270933680103524,0.26823548882365605,0.041122039523415754,0.02869565827800426,0.02118038272608627
785,0.013552292324746933,0.013554150187343036,0.013552007491354741,0.01355443678458382,0.013557545840477114,0.7678055200789143,0.01355270080080074,0.01355202326845979,0.013552236631881253,0.1237670865914383
787,0.08118014599512555,0.02479217551226959,0.018610608039301098,0.1006989908579109,0.018610945149859143,0.1268487956171664,0.018611085249542036,0.01861092953869604,0.42610998569866054,0.16592633834146878
789,0.03269128075930743,0.0027492397835117096,0.44890270933799076,0.22951143843639976,0.00274918299119039,0.030861801998294063,0.16880800609151406,0.0027491335865882202,0.03637695892539297,0.04460024808981068
790,0.0024774873837010596,0.002477382062516072,0.02749107935913429,0.12413131996695775,0.0024771997367236437,0.10130619971210224,0.0024776341770724785,0.0024774232349632623,0.29660066085581976,0.43808361351100933
792,0.009623025569596906,0.009624852080295314,0.009622220372678394,0.009621937706419639,0.009627879472937166,0.7386272759905014,0.028678198185403205,0.03362603970447404,0.009622114720368101,0.14132645619732573
799,0.04416549853187463,0.005047810510511888,0.005047390468831603,0.00504721837204449,0.005048154993686813,0.4978419731882884,0.04506745563719637,0.1564785503238974,0.018292243463037487,0.2179637045106309
801,0.027953864552590968,0.008415755048225313,0.25005376685423475,0.008416093031717324,0.5749464349483977,0.04201756514096729,0.06294778969779713,0.008416966333416251,0.008415680892481323,0.008416083500171931
802,0.02367048438520305,0.4530051041320442,0.024856773936258347,0.011290912116113086,0.011290494499246339,0.13870016435623972,0.18287696260946526,0.04825109750353072,0.011290500597713311,0.09476750586418593
812,0.015349451405202512,0.33041748080309663,0.023515963663938367,0.07469909924031434,0.004889843306903998,0.4704315439481375,0.011151108981579068,0.05331045370910276,0.002704167177163029,0.013530887764561662
814,0.439417669702149,0.0010640587255650086,0.0010640886826858808,0.16363606195306557,0.24072545747054303,0.001064323629570042,0.0010641627037937832,0.0010641111689194984,0.0010639585614639292,0.14983610740224423
817,0.08013542970621425,0.05041089050477185,0.44441600812734566,0.013755707900560061,0.01375549185834916,0.09371991664170162,0.15536185026953236,0.01375571325304936,0.07917516807293805,0.05551382366553765
821,0.002433888395720922,0.002434232643677703,0.002433967531422197,0.0024337911833812722,0.002433944403815558,0.3856331774940391,0.5328040906033727,0.00243386644332916,0.0024337646229165475,0.06452527667832482
822,0.03319189116741027,0.001928108271694309,0.0019282541083387647,0.0019280891880306265,0.0019283852007717236,0.339360666498362,0.08739281400806552,0.0019280802870071626,0.16106522275170945,0.3693484885186102
824,0.00526320854176906,0.005263661186068503,0.00526315790273784,0.005264508076997606,0.345014445344177,0.00526333396811212,0.6128776109327706,0.005263290301042833,0.005263553997517535,0.005263229748807033
825,0.03611119741988856,0.036112610548068635,0.03611153229957709,0.03611322153988778,0.03611590843762159,0.036111890195959305,0.495126765313256,0.036112016186211654,0.21597006526386056,0.036114792795668794
826,0.046193271320702264,0.17951642587024508,0.04619272162759891,0.04619659954761907,0.046193464902658576,0.2176149875130043,0.1795217560982813,0.04619074938654531,0.04619141985665564,0.1461886038766896
827,0.01619374411718312,0.008216723330960435,0.03301506143038187,0.00821609513767341,0.0808379478038295,0.40306921238196836,0.03260869854033726,0.09947273510686833,0.07274203285047941,0.24562774930031836
829,0.28149121794091286,0.003100748985030126,0.0031003858069698605,0.003100454693668333,0.0031004842742795415,0.3279720452234558,0.0031001541788517155,0.09982425618636054,0.06326154583012951,0.21194870688034176
834,0.3330567451334408,0.08416160701064049,0.0254975001298358,0.02549759993138133,0.02549757945556768,0.1659245728344062,0.029909175489710893,0.025497558857720155,0.0254975871397269,0.2594600740175697
835,0.00276961244135045,0.0027697131733278304,0.010892415243300407,0.002769511662041837,0.00276941233641175,0.377373481800877,0.02592738024853729,0.0027697709264648098,0.0027695148515749918,0.5691891873161137
837,0.004807269638741879,0.004806524995437197,0.004805417492172943,0.004805985185525361,0.0463816778795215,0.37704395189971823,0.03176375258995534,0.030345321780348492,0.3582314442622256,0.1370086542763535
840,0.04710635962216569,0.04710896509451364,0.047106315645773764,0.1804340462455516,0.13015846598204148,0.23952552316460368,0.047106607555997035,0.04710674491122645,0.04710669474092704,0.16724027703719965
844,0.005643969959589174,0.05395359176793788,0.01208738921579148,0.06388641709458753,0.005644428106683835,0.5048940304519568,0.1902319672271087,0.011436327591605337,0.005643985184276123,0.14657789340046318
848,0.013860910082423928,0.004819509458641201,0.45972146157871263,0.17156708782167326,0.004819575400098172,0.31776294022293544,0.004819554483847319,0.004819508930680607,0.01298986093412591,0.004819591086861498
849,0.009083985222959065,0.009083782945730486,0.03756699096727018,0.009083901999631582,0.009086914168912295,0.4192541843810041,0.25907781618036685,0.06404157158705387,0.00908364715493778,0.17463720539213387
854,0.004789625602004714,0.004789544637178263,0.004789254535934778,0.034507302997126045,0.021379415630804994,0.28876620178355134,0.6266109876318257,0.0047892175914786735,0.004789152419365417,0.004789297170730184
858,0.6963403141023884,0.0051529921152174704,0.0051528481644778764,0.005153548740592082,0.005152932106363514,0.14350762029504469,0.005153340082288474,0.12407990450842149,0.005153067787339191,0.005153432097866798
859,0.024652448758860177,0.07386155315022706,0.0852064388113294,0.1536813570672088,0.01928989566864473,0.32098802953898686,0.0036555780553394154,0.035893187723099164,0.003655515816706251,0.2791159954095981
860,0.05573537825924844,0.0029843881653792,0.0029844002365963826,0.25215362019680687,0.0029842874487586686,0.3160399698105618,0.0029854964156399645,0.14203183732711774,0.00298457841924717,0.21911604372064375
875,0.0007302091271211887,0.30610487575153095,0.019704975982003187,0.1279043093439896,0.0007302208428657904,0.23441561159521807,0.045173678483191225,0.0007301630546713827,0.012805892661808685,0.2517000631575999
876,0.020726544701495656,0.23119428925944394,0.020725785393130032,0.020727093132744533,0.12072876293100421,0.13943054964778573,0.2988640315565058,0.09094543116407425,0.03592941233948865,0.020728099874327194
877,0.08940974681096021,0.007142092700571942,0.007141059923657172,0.007141478263830191,0.007142505941859218,0.3866741329967519,0.03546432295585976,0.025195402384316175,0.11952805383557312,0.3151612041866202
879,0.029739408197394162,0.07318941751582916,0.029740366176799773,0.3514655291474301,0.29307037970907507,0.05852524535885807,0.061926404993551766,0.02973961211678793,0.04286419251367263,0.02973944427060131
886,0.006902002194549668,0.006902342181959795,0.006901969087694283,0.006902411651860575,0.7615320904846674,0.18324980072901395,0.00690226217313474,0.00690293321128998,0.006902155631053461,0.0069020326547761055
889,0.013633917569653755,0.013634764008302682,0.013635921996914685,0.27121566569409394,0.14586835794454445,0.2342180896197527,0.02291036991563726,0.11845019589403194,0.13863950783379025,0.02779320952327834
890,0.005929903914237631,0.0059309658847745556,0.3508070106794027,0.029491235581036827,0.005931400485239841,0.578187981531991,0.00593026054602659,0.0059304315597533885,0.005930480729609245,0.0059303290879282235
895,0.007422091176493179,0.02539881613202108,0.04529017044063188,0.007422201795654233,0.27408504075317036,0.49954517349880323,0.007424210915309252,0.08094558699486518,0.007422219811379519,0.04504448848167205
896,0.02102522311144668,0.026192276121835743,0.021025193417394526,0.02102550986649827,0.021027026770635265,0.0951356057670106,0.7124377560975951,0.04008035451996867,0.021025845495884956,0.021025208831730254
901,0.07127418575381668,0.018066374904369676,0.04400256576879243,0.01806629531192735,0.01806632818048452,0.37804346767829095,0.02512929030672432,0.019418195750301705,0.018066309940832016,0.3898669864044604
903,0.002584727046941772,0.002584763628322945,0.0025847416390518173,0.002584842934601208,0.0051380956480303755,0.016791231395421276,0.002584759092266791,0.002584730411766534,0.959977366020434,0.0025847421831633834
904,0.03844165663950786,0.0022667687327664002,0.0022668377816697552,0.8741083991108682,0.002266971677071522,0.014381601972352503,0.0022670500166656706,0.019567059226070445,0.002267030090436192,0.04216662475259143
906,0.4754582133691803,0.010710810370992164,0.026403565741279045,0.010708912213407458,0.4231671526784177,0.010712039564993184,0.010709205353697434,0.010711286186288006,0.010708947556533241,0.010709866965211375
908,0.06977710374511288,0.009573115474833105,0.009290541580391401,0.0033460047747096828,0.025527629877364035,0.1659096514290772,0.0033460557114284406,0.0033460379020665496,0.5635747893900904,0.14630907011492628
910,0.0008560437469518369,0.0008560585359224937,0.0008559630592012507,0.0008559832685496361,0.0008560043852700913,0.039478124914599344,0.0008560250491386632,0.9536736884199924,0.0008559972553653936,0.0008561113650088776
913,0.0065023049854202155,0.006503374235536675,0.006502154377183003,0.006501993393906145,0.006502293432227648,0.006503778535999378,0.006502026014811441,0.006502266285926765,0.034475814675848176,0.9135039940631405
915,0.06157101634811585,0.0014707723773208163,0.0014715323458537324,0.0014706398311699906,0.001470994284509631,0.3227595936003375,0.0014707392034105024,0.022973206667245814,0.0014708542396843864,0.5838706511023519
919,0.06699499043689405,0.034109155249801376,0.1104488868130318,0.1482536001980276,0.04947027907743141,0.45427617609016036,0.03411098987487112,0.034111115531454496,0.03411562824985953,0.03410917847846827
921,0.01639684418687857,0.04057121084800726,0.016396785580870512,0.01639689397331672,0.016397218177071213,0.06716192173413692,0.07874817316112168,0.45282314347136543,0.08122905402829603,0.21387875483893576
925,0.009350573614630306,0.00934921079823824,0.009349048045040671,0.09874965743408257,0.10744316929509411,0.46586331829509103,0.009350664355725704,0.009349951457870292,0.09920120974556068,0.18199319695866645
931,0.0028109980782168036,0.002810937235184286,0.0028110467676131915,0.07703564454364654,0.002811181113234324,0.0670038198532391,0.7899116165874958,0.002811101155287326,0.02828561060114844,0.02370804406493418
932,0.390064178390432,0.38174112587848885,0.003519266089182012,0.0035184008032853515,0.04870213391143583,0.1203201804042886,0.003518650344818561,0.04157915001726546,0.0035184751784646012,0.0035184389823386293
937,0.00407870064772887,0.03034895391621361,0.004078393800550116,0.08542851678102313,0.028644960683753447,0.3315409794173457,0.004078552164567142,0.02286633086597182,0.4848561011432305,0.004078510579615616
938,0.0754189076500809,0.05096845789222541,0.02719121187281288,0.4483272090469431,0.020880214415300382,0.2588215651993029,0.0005282869587371839,0.0005282778908203867,0.03226966107292959,0.08506620800084738
942,0.012768727964816666,0.2425770759813984,0.021192078851874695,0.012768593319209591,0.01276808899575279,0.4355228329089181,0.023758385716127973,0.033207563366248104,0.04178028918563756,0.16365636371001605
944,0.01163479876428218,0.011635799779020581,0.03326778223358409,0.3599479822212664,0.1481855754531241,0.38281587990172533,0.011635436694444239,0.011636793969663934,0.01163627933143993,0.01760367165144921
946,0.07502741357258381,0.033967438737640424,0.008240125147541782,0.008240262844265194,0.5429739818486283,0.19193211911478497,0.008242603048886696,0.008240972475915076,0.11489446303298925,0.008240620176764447
948,0.020846333048002333,0.0041477747258956855,0.0041483445137996955,0.2990244184759505,0.2409438754506837,0.16229971030700427,0.026046782298874797,0.012900658790725598,0.16390245546128623,0.06573964692777717
961,0.03033404911396007,0.08879384711116337,0.014744971223216163,0.3419260002312631,0.30677800765055735,0.14310405364856152,0.004655176883121519,0.0425052112710852,0.004655043694089043,0.02250363917298264
963,0.05984943664338819,0.008235942330531956,0.03916319317428202,0.00823616681319235,0.5861027109692125,0.13940909076006988,0.008235872415555415,0.13429545737926052,0.008236077124634653,0.008236052389872564
969,0.004187577562737345,0.004190014200650776,0.004187492095807584,0.004188012408277788,0.21846918235565396,0.3490848028710405,0.00418811345151959,0.004187524668406722,0.013135289511375183,0.39418199087453054
972,0.019613224679892866,0.00903315465892368,0.39994264319534956,0.009034784050716987,0.009033627814402768,0.1225550653194354,0.009033056164045138,0.031168681695994436,0.3051006183453692,0.08548514407586996
974,0.027385101048229457,0.00917462498655872,0.009174754197206245,0.6150337994697223,0.05229459476780232,0.1885409185356272,0.01535928209302553,0.013868543839389545,0.044265310531200315,0.02490307053123855
982,0.03701038149690432,0.01976507848648535,0.01976306766425417,0.14475443404453475,0.13470462241021552,0.0724601097154903,0.019764070836611757,0.019763314206457806,0.3618595524755317,0.17015536866351433
983,0.07281402747474904,0.014388239803070253,0.003153316928711517,0.022630458798097372,0.14300285696976314,0.5493071662831331,0.00315331567814328,0.01672672922753928,0.0031531888665728785,0.17167069997022008
984,0.23620323062745469,0.0008065415630420292,0.0008066045109295765,0.0008065482400727901,0.0008067335764886189,0.3285967105154223,0.0008067152358891739,0.3516295837688762,0.0008066200929295597,0.07873071186889495
987,0.07524851014665343,0.012022529519837795,0.3811788736733426,0.012022549758908879,0.01202365332655611,0.20386404600557456,0.04532407357810505,0.07595643170669772,0.17033634188977503,0.01202299039454878
990,0.015611290719513305,0.06246431768053695,0.01429602451041316,0.0036225245185770335,0.05746225581578061,0.4144794041222936,0.0036218296622967465,0.003621712898938905,0.08866785621206143,0.3361527838595882
991,0.0020627506404874954,0.002062497513630125,0.0020625701116113305,0.002062535657529193,0.002062630180264941,0.0791979998173249,0.0020623918624772613,0.806844796160854,0.00206272076962603,0.09951910728619474
994,0.05331716977715609,0.00920628986572573,0.0167137286533204,0.06877012012282041,0.45032776360003657,0.13461240376699293,0.0036513083499347346,0.0036511033062207178,0.1416671417346106,0.11808297082318184
999,0.06786741689349211,0.04577133653522279,0.006559333533482639,0.02037687586945418,0.03758475583735837,0.3257878049624914,0.15251852128845678,0.0815881395922007,0.11675005621697847,0.1451957592708626
1006,0.20398815747902252,0.026039975461018366,0.058357461146544845,0.002047313471761955,0.04852228754564321,0.37162175062492286,0.0020473629417883535,0.05842731098167295,0.12827229996952627,0.10067608037809864
1007,0.002703266536231867,0.00270288271880046,0.002702862868186737,0.0027028862172276224,0.0027030622693733557,0.28000525144119903,0.0027029192604079246,0.002703102938269218,0.002703315775568362,0.6983704499747355
1010,0.042584543189353036,0.0073053018214901955,0.03486930142117385,0.007307087975313872,0.007306015837026885,0.5808969288065751,0.007305408465392527,0.0184761636516563,0.0073053300059303106,0.286643918826088
1020,0.007515146447242051,0.007515254717607206,0.007514540580850502,0.06644668874031781,0.22437979390094975,0.32781723185081896,0.0767117240547054,0.03887634996000252,0.235708232214984,0.007515037532521857
1025,0.04778628611809391,0.042804022733034464,0.002231781347347005,0.00223164039967042,0.006861025432608738,0.5878101177146766,0.0071423337036082045,0.0022317016979494964,0.025085227098663777,0.2758158637543474
1027,0.18231582440140856,0.1529318607946215,0.4804073213143597,0.009048389666713116,0.00904950181128986,0.06277547170169356,0.0603053027553668,0.012601522837333446,0.009047838669652178,0.021516966047561217
1031,0.013513731593835353,0.002554325335689579,0.0025541000327123824,0.002554395788109278,0.0034876131897351196,0.8943326553132669,0.05008808585660849,0.010743057197601501,0.017617818020949506,0.0025542176714917694
1037,0.01820559033615405,0.012938901969621696,0.15613063767268714,0.3304113480933871,0.007836746966818318,0.01654895099703448,0.3931328811937842,0.01787083379570007,0.029134473026860775,0.017789635947952187
1038,0.010484209640799729,0.038114533734371715,0.010483413865952073,0.0803839899225244,0.5441378199122487,0.05353283240382478,0.02184348862237817,0.20406445019970146,0.026471895788134223,0.010483365910064674
1039,0.0027119589164131294,0.0027120956824628075,0.0027118210330295887,0.01064128138349201,0.01979601622667841,0.6302000279221155,0.03968042564257168,0.03231779122633988,0.013151502407910536,0.2460770795589866
1046,0.019710431420565958,0.3076728543953709,0.008787672616522496,0.008789735784033005,0.04276007321704927,0.21124982781535115,0.008788648714135476,0.008787675253362935,0.3641319451575034,0.019321135626105435
1049,0.007879630445081432,0.01376101435557639,0.007879655271203668,0.9232014776727296,0.00787955829711579,0.0078801735857312,0.007879761043510113,0.007879543948751035,0.0078794266483092,0.007879758731991413
1050,0.004349002493081064,0.47975771428956293,0.0043486928085792785,0.004348470083671754,0.10581434507650897,0.21894160781366329,0.004348248598296336,0.16939485858610923,0.00434837872622825,0.004348681524298848
1056,0.5222097928851448,0.04799032472544298,0.11307313331705471,0.03524936035213482,0.0276205943069389,0.10389805254848725,0.08805367258556102,0.02426284539379493,0.01807225465049529,0.01956996923494531
1062,0.03715026024067309,0.5325972503986922,0.021536136113826876,0.02553725603989189,0.0036009987994280695,0.22964721790360482,0.008396119201330545,0.0036010408201521903,0.008441555294033254,0.12949216518836712
1063,0.05439780573268733,0.161516483677138,0.012579348114420182,0.17711145774168918,0.016044226592170235,0.467865716574793,0.02456267087418636,0.032400973124063294,0.043062521344196414,0.010458796224655991
1064,0.013185992434123262,0.013186081899216223,0.01318636506999044,0.013186158140010996,0.017847809983570374,0.013185998881826911,0.013186016486800786,0.0131859709955302,0.013186042083377847,0.8766635640255529
1086,0.12546451084727606,0.010407211663891865,0.13641093144899932,0.12755311041468853,0.010406906731808585,0.2741005757781788,0.024335405395978726,0.20564542250552476,0.0431116733924876,0.04256425182116577
1105,0.16162138490688954,0.014879916589631944,0.40108682843341403,0.027826263115074783,0.014881213119617412,0.15440357291089196,0.014880007406354517,0.08066561262631625,0.11487445839954354,0.014880742492265935
1107,0.5230824886994597,0.0098541263521902,0.009854015517279864,0.009853749569246392,0.00985404287609935,0.03532866955540862,0.009854270132372674,0.009854722013642915,0.372607480507,0.00985643477730028
1118,0.007665066225554721,0.0076655899431340305,0.026659041407108293,0.29969534751523247,0.007665350900353622,0.19348419879855897,0.007665613583409021,0.007665173346480876,0.35466270270408945,0.08717191557607858
1123,0.19088009119531787,0.003458263051187424,0.009413240158170324,0.0034582598333860936,0.0034592447205837673,0.10224972531692729,0.0034580340115762465,0.0034589708274873282,0.2943420703873646,0.38582210049799903
1124,0.10116189414175229,0.017829560358050278,0.017829434064564106,0.07910140626593495,0.01782940211339213,0.11895222088334373,0.1011567660059378,0.5104797087869505,0.017830225697470125,0.017829381682604287
1126,0.12810535337575313,0.09175429395730021,0.009538088637619261,0.1287251993974813,0.0323940534686952,0.20727353749739932,0.009538138596040436,0.1657585693398114,0.21737471603423067,0.009538049695668918
1128,0.034365839134076294,0.0332340692995636,0.00393957930413881,0.42176838493563185,0.003939387950452234,0.15726855527025171,0.005964791016628346,0.03080876051007268,0.003938975058675172,0.3047716575205093
1132,0.11991998451211722,0.024288178536517203,0.029032208244113112,0.07298726273927295,0.3603409964471545,0.11706683856162083,0.09826231162749698,0.04075593071090089,0.0331475289701674,0.10419875965063895
1135,0.10980507953094433,0.0035790857120706243,0.03969706226806559,0.0035795192738395398,0.013287199345650846,0.007284457788215463,0.003578912240571979,0.003578980367859606,0.3911948973156509,0.4244148061571312
1142,0.8588961876795919,0.0030063593003022207,0.0030062625314791636,0.003006149858675195,0.0030062272204761284,0.11705283163737883,0.003006229534766317,0.003006331345816279,0.0030070525116642557,0.0030063683798497495
1153,0.013486764718173939,0.0025774551753776887,0.0025774560751300225,0.0025774464227993057,0.9482022222084836,0.020268555381562296,0.0025774279068950653,0.0025775294277880895,0.002577542822091776,0.0025775998616980474
1172,0.11402614058417668,0.02604845562257775,0.02604752264798368,0.08160226679476952,0.20909185511287764,0.3929736421961163,0.026046929034414072,0.04732799579371402,0.026047354839407184,0.0507878373739631
1181,0.5642516228643721,0.02058437621618624,0.0154125246150534,0.24175499609136225,0.02098145005087567,0.024475014113326463,0.0529665875239393,0.015412014478845399,0.015411974198861365,0.02874943984717778
1182,0.14179794750964048,0.21991402774496016,0.03859534120854775,0.26486692574471227,0.0015768682804447789,0.001577147415476313,0.034154532218467815,0.0015768610386561748,0.0015769566028248688,0.29436339223626945
1186,0.12350127205154503,0.009895127835608905,0.009894724576358323,0.019854712869313874,0.009895472167797341,0.03131264466414023,0.029516681445047446,0.701053242849359,0.055181352699384935,0.009894768841445006
1188,0.14367896719759415,0.020318674453748957,0.00865759104688816,0.41569980377746424,0.008657570371946257,0.3683616648290647,0.008656998001259979,0.008656250725440797,0.00865625524811339,0.008656224348479331
1191,0.2356288591546244,0.027361535842377167,0.04636326128771663,0.5145408510939883,0.010183316120098514,0.03755403773639553,0.07355552900522945,0.014231392346364214,0.010183570161686011,0.030397647251519822
1203,0.014580447463064233,0.01458269945446482,0.031421507623136634,0.014580902374598125,0.17173661217988073,0.15627427792170562,0.014581067398093062,0.026473588991310627,0.12148732583606765,0.4342815707576785
1208,0.050514528051715815,0.03980641887290423,0.002789494493775552,0.0027896914195570848,0.016117206561795494,0.3592886233643325,0.41677925540383653,0.04731905613264735,0.022496004202895797,0.0420997214965397
1209,0.002297194427799132,0.0022978426379674575,0.0022972720800892507,0.0642065486431981,0.009471732925860206,0.3115898230714726,0.5145122663949458,0.0022971631660847025,0.052630551081774044,0.038399605570808674
1211,0.0032453238763229847,0.003245336248816052,0.00324526921561014,0.00324536517349698,0.032280513018161504,0.8444665035967134,0.02898295309432201,0.013535214524741903,0.05088555426362246,0.01686796698819253
1212,0.3027920378428377,0.03875052184507668,0.03875041948489454,0.03875007734839893,0.07470611661840863,0.3512480723595441,0.038750064530358376,0.0387505206174119,0.03875185685724023,0.03875031249582896
1216,0.055111680625787425,0.005287146886874491,0.015537909277914283,0.0020977333632314233,0.5718000508076533,0.19070744711867513,0.011205324661165476,0.0020975540234982144,0.08474201895676073,0.061413134278439495
1219,0.012759484870827991,0.015661599667357907,0.017842472081229868,0.01275904518991733,0.05484838192044871,0.18227266589856894,0.012759867287447857,0.033382277621275706,0.014045493090025602,0.6436687123729001
1222,0.12552257086081997,0.00799791532606703,0.007997261648825575,0.007998537164073656,0.29966071262432775,0.08064946152887974,0.007998841298391781,0.007997775227404963,0.007998635050976408,0.44617828927023306
