company_id,anger,anticipation,disgust,fear,joy,sadness,surprise,trust,polarity
1,0.05375176173100279,0.0016775089921930199,0.0,0.05280696440504353,0.0008868866396736701,0.00274657220823078,0.00369136953419004,0.01378440841808069,-0.04070006497915586
5,0.0460984935982378,0.0460984935982378,0.0,0.0,0.0460984935982378,0.0,0.0460984935982378,0.36607174747520305,-0.2738747602787274
10,0.0033625386706655426,0.016299944293095014,0.00603037257702675,0.03322236822880797,0.0046934841598692935,0.02889319504449795,0.002667833906361207,0.02604414132840813,0.00309134481566842
12,0.0,0.01246418312906219,0.008730003068884851,0.004296131286737417,0.0091823937760573,0.004296131286737417,0.0,0.028780697017851475,0.02226073937712943
14,0.0,0.013019646155082014,0.008610891548333643,0.008761575442464958,0.021545451557566656,0.0,0.008419600642843587,0.015503962877425672,0.041116194242119326
15,0.04937418569893898,0.009872409222267639,0.02913414491127872,0.046703026642096815,0.00481473771984184,0.046703026642096815,0.025054778507502103,0.08241925650682476,0.02670030950428619
22,0.0,0.0,0.11223222433174926,0.00108316368927148,0.0,0.00108316368927148,0.0,0.06567663371679357,-0.047638754304227184
37,0.0,0.002119562588077425,0.0,0.05916332660473355,0.0,0.05916332660473355,0.0,0.0184740253071511,-0.03856973870950502
43,0.0,0.010987902014596132,0.010059710214673133,0.0,0.01327634543028175,0.0,0.0005223243517939834,0.016955348457678415,0.027420926120480568
44,0.01787315255991456,0.01022049973373306,0.022316926568218282,0.004443774008303725,0.010028653958137632,0.007912837990542142,0.004443774008303725,0.049990520591562025,0.01543650641373259
49,0.0,0.09306424835395273,0.006760139814992467,0.0166854485287585,0.09306424835395273,0.09306424835395273,0.09306424835395273,0.0,0.06961866001020177
53,0.0014361170147191142,0.00293371178953345,0.0021894440665739356,0.013546582916049293,0.0007533270518548215,0.014982699930768407,0.0007533270518548215,0.040728275718212706,0.027925960525122934
54,0.0,0.0,0.0,0.0252289972932348,0.0,0.0252289972932348,0.0,0.0451470382536293,0.019918040960394498
56,0.0,0.004458237951568967,0.0,0.0,0.004458237951568967,0.004458237951568967,0.004458237951568967,0.0164737025772774,0.020931940528846366
58,0.0,0.012303878725485683,0.001960067210853267,0.001960067210853267,0.006980888493526666,0.001960067210853267,0.001960067210853267,0.02463996511251525,0.029387219150157518
63,0.002002859755464618,0.06301152550101759,0.005342185088047718,0.024302263353489083,0.05151770064939341,0.053520560404858024,0.0562755115931471,0.028394912825530118,0.0486718663035673
82,0.012641512117990186,0.004135967358250154,0.0013973926805566307,0.03143363223349374,0.002944461201492431,0.02680091693387275,0.0027690360953317233,0.0194416535159834,-0.019008129644887045
83,0.001628681960147875,0.0012027426772872167,0.0058777554728166,0.007133953943833174,0.019741479676469376,0.007239499191016449,0.0028314246374350916,0.03969499559286931,0.026150008611691294
92,0.0,0.01478343189350512,0.0,0.01991534452617444,0.0,0.0,0.0,0.09042810852551772,0.0852961958928484
94,0.0,0.0102800034885389,0.0019241629475782,0.004638694906943963,0.0061850624319514744,0.004638694906943963,0.0019241629475782,0.035138621021861424,0.041479786102894475
96,0.0062709842140201,0.0066159234376348625,0.0,0.04643612316568176,0.011896181263512188,0.04643612316568176,0.011023873887546274,0.029189918770351462,-0.015383170631221611
97,0.0,0.018028305350396377,0.0,0.0020302826526864934,0.015066870123360972,6.367930979468e-05,0.0036094308577690197,0.020086455315598387,0.020006930196608565
101,0.009954662975542743,0.02991505657515949,0.0,0.0,0.01214864961489007,0.0,0.009954662975542743,0.0200722145102561,0.030065267764453445
103,0.0,0.01136170959247192,0.0,0.00654533853115538,0.00546108389719047,0.00654533853115538,0.0038513352154935397,0.0410494225963268,0.04430484123311265
106,0.0,0.006480902185793225,0.0,0.0,0.0,0.0,0.0,0.037652620153136376,0.0441335223389296
110,0.0,0.021726492636107403,0.0,0.0102269066197113,0.010041420711200134,0.010041420711200134,0.010041420711200134,0.03280986406150158,0.04430945007789768
112,0.0,0.014320348933100475,0.0,0.01896007575918045,0.014320348933100475,0.03328042469228093,0.014320348933100475,0.04069087182048165,0.03605114499440167
116,0.0060571217726121665,0.0010536367907387112,0.004564725411270333,0.036701895025859674,0.007893172320072445,0.03064477325324751,0.0,0.03483952758240268,-0.0008087306527182905
118,0.00404420128953403,0.02348811271004157,0.0065367643459227605,0.01143548120006119,0.00832663126286054,0.01143548120006119,0.0065367643459227605,0.028830730725828053,0.03434659788988567
119,0.0,0.00994504638057386,0.0,0.02362406521988772,0.0,0.01597781944376064,0.0045483699798268195,0.00764624577612708,-0.010581143043013599
123,0.010356784697932442,0.0011927036260796834,0.0,0.00414285327468555,0.0011927036260796834,0.00038965442793612503,0.000644639694213525,0.00852619453416485,-0.002571089007329942
127,0.0,0.0,0.0,0.0,0.0822114969002261,0.0,0.0,0.16050635832605353,0.16050635832605353
138,0.0,0.01438893963159405,0.0,0.17842517925970153,0.029842170163434826,0.17842517925970153,0.01438893963159405,0.0595305059166707,-0.08905250317959601
139,0.06470203193739434,0.023725177141820833,0.0,0.06470203193739434,0.06664892643859234,0.06470203193739434,0.13135095837598668,0.0,0.02567207164301884
155,0.0,0.0663770777563875,0.0,0.0,0.0,0.0,0.0,0.0,0.0663770777563875
157,0.0017892274394947928,0.0089709667061048,0.0,0.0017892274394947928,0.0004882021978192286,0.0,0.0049671069273814214,0.019634096693811907,0.021848729033040495
158,0.09685443319897,0.0,0.0,0.09305755426095115,0.0,0.044220476697933726,0.0,0.04060465802516935,-0.10047025187173438
161,0.046697821523551064,0.0,0.0,0.16803266186528074,0.0,0.12133484034172966,0.0,0.0241854834707441,-0.14384717839453662
163,0.003396999535384793,0.010324780709099285,0.020772274830084946,0.003396999535384793,0.0021130065071387713,0.003396999535384793,0.009700378965153236,0.012586522820204313,-0.008924996876692235
165,0.016632067632448684,0.010480851527198133,0.016632067632448684,0.0,0.0037898721569977166,0.0037898721569977166,0.006039407276169317,0.038674624770547235,-0.029299511842923818
167,0.0347916504696792,0.08251253591616814,0.0347916504696792,0.0768044402994599,0.0347916504696792,0.04279322454673307,0.0347916504696792,0.06880286622240603,0.03971931136943507
169,0.017562860975746834,0.04634053287095813,0.0,0.0,0.0,0.033898460030698435,0.0,0.04634053287095813,-0.0051207881354871365
171,0.0239893169172539,0.020303742643595024,0.0,0.15060342005651356,0.0,0.15060342005651356,0.0239893169172539,0.006324999769275175,-0.12397467764364337
179,0.0140204904777997,0.03905521207061604,0.0,0.0,0.0140204904777997,0.0,0.0140204904777997,0.02104035735298124,0.0320353451954345
186,0.009886934902551428,0.0322473839860284,0.0,0.0,0.014761800382577987,0.0,0.009886934902551428,0.017539004810470143,0.030001047524513113
188,0.04028947720460766,0.05962730053492896,0.04028947720460766,0.04028947720460766,0.08455305462586057,0.04028947720460766,0.0,0.10236009995009972,0.12169792328042099
199,0.0,0.0,0.0,0.0,0.0,0.0,0.0,0.1858125518336855,-0.1858125518336855
209,0.0,0.077397151025313,0.0,0.0,0.015568324727096865,0.0,0.0,0.04496775187506432,0.08670701128553598
212,0.0,0.0258573788181828,0.0,0.0,0.0,0.0,0.0,0.11745444808511968,0.08478458342520717
214,0.1189822665082408,0.0,0.1189822665082408,0.0,0.0,0.0,0.0,0.0322907095195098,-0.086691556988731
217,0.00891667653311869,0.005310836646541088,0.00891667653311869,0.00891667653311869,0.0,0.00891667653311869,0.03800112569466695,0.0517713597490823,0.04431390722382898
225,0.0,0.08963297893995067,0.0,0.003314271643657625,0.08963297893995067,0.003746528839441775,0.0,0.09366111151166273,0.08991458267222095
232,0.0,0.0,0.0,0.1291943455094952,0.0,0.0,0.0,0.0,-0.1291943455094952
236,0.007023831484210925,0.020692646470217724,0.0,0.0,0.00839604892260895,0.0,0.007023831484210925,0.0177043511821733,0.024368270209146774
238,0.0025811791576666222,-0.0011069134832520445,0.0025811791576666222,0.04034689965968082,0.0017229744235011779,0.04034689965968082,0.0,0.01746349803587134,-0.026571494264728143
240,0.0423829408534379,0.0075792163454614,0.0075792163454614,0.01320139275052595,0.0075792163454614,0.0075792163454614,0.0075792163454614,0.024598782366674524,-0.03098555123728932
241,0.0,0.02091817663349853,0.0,0.006760476105621267,0.03278197780712548,0.006760476105621267,0.0,0.05006112706595706,0.0851905054978876
245,0.0,-0.0008068536456482667,0.0,0.0215345357881816,0.0,0.0,0.0,0.0692032391230204,0.04686184968919053
246,0.0,0.0,0.0,0.001521787197744975,0.0,0.0,0.0,0.2105262283600523,0.053802367706555485
250,0.00021232010665092,0.0056235403426139335,0.0007984019652359867,0.012523384763120088,0.00424100725383448,0.011789636692411808,0.0021117573696477136,0.00509643365591906,-0.005517084550162487
254,0.008885781168026454,0.004098250333608785,0.0008336518117620653,0.00852528051426592,0.003719854379021408,0.0011176017651095076,0.002391672583821577,0.018375391881902257,0.0011279079319727464
255,0.019419327939635973,0.009840013443692517,0.0035310724432465923,0.005792602418953454,0.007453537383889907,0.005792602418953454,0.007005316183419554,0.03639548846724493,0.011549501900172723
256,0.037771625263456995,0.04629959049673984,0.0,0.037771625263456995,0.0,0.037771625263456995,0.044708419358033935,0.0185995570256266,0.001591171138705902
259,0.0,0.011175665826744558,0.0,0.045217462989564486,0.0,0.03746394234356724,0.0,0.023041913045329043,-0.018753404763488142
261,0.0,0.02033061587468302,0.0,0.02721666396767334,0.015884123442263177,0.01167547248958782,0.00444649243241984,0.0061362418126781,-0.005196298712732061
264,0.04880510213026126,0.041001773970566834,0.0,0.0,0.0,0.0,0.0,0.03519602938655123,0.027392701226856803
273,0.0369469148835273,0.0,0.0,0.0369469148835273,0.0,0.0369469148835273,0.0,0.0217028339607958,-0.015244080922731499
274,0.0,0.007122092994040016,0.0,0.0100023466451617,0.0,0.0040902434539731,0.0,0.023442757960254218,-0.004735847281631101
278,0.0,0.1260390685467107,0.02290673840144965,0.0085185331631386,0.025792749880037585,0.0085185331631386,0.0,0.1544708887209218,0.12304561715633355
284,0.0,0.6872103069009616,0.0,0.0,0.6872103069009616,0.6872103069009616,0.6872103069009616,0.0,0.6872103069009616
289,0.0,0.039530737164524585,0.0,0.0,0.0,0.0,0.03444389584554553,0.02920824549772149,0.026296689556780724
308,0.0019592301756695,0.0065511681128012,0.0016863336228561273,0.008889452311643828,0.004788430394244491,0.014741625434485846,0.008544727794690808,0.007688151681818182,-0.004728281990767428
322,0.006210765186527206,0.0023945638333002068,0.0014360374083132866,0.005938281692394873,0.0008825666138436666,0.003069679844440807,0.0,0.00831860550519634,0.004608834105223993
324,0.004919565278256609,0.01198536544235855,0.0014162190916807,0.0050064393106944586,0.0026756755468335166,0.004919565278256609,0.004734638294005666,0.008446877127584742,0.007771852749443917
326,0.0,0.01031955773080835,0.0,0.0,0.0072100714601196,0.0,0.01031955773080835,0.07552890450952451,0.07552890450952451
330,0.008983446098052933,0.027884990757113832,0.0,0.014165752750335277,0.008197641359419288,0.01053380057885651,0.0,0.023499618313523166,0.004489139314910389
334,0.0,0.03018592232430337,0.007305503025095631,0.0016388915987466312,0.018327357772970974,0.0,0.002897266251203669,0.045400017614716785,0.06107992933535022
340,0.0,0.0010909301473955176,0.0,0.0005684078606845412,0.0008754474669287237,0.0,0.0,0.00210291572432723,0.0019106207292534298
342,0.006519516886918427,0.013262179596299774,0.0,0.00957447515606958,0.013596674037714732,0.005179282948039087,0.0056769891863470675,0.02471575702096907,0.023636360635807093
344,0.0033831142752738545,0.0194132880862671,0.0037365813527795457,0.0075005583242093365,0.016763933607080946,0.0,0.004727436653287918,0.043170440553790296,0.03364319364264642
349,0.0006142818815978134,0.002236565884854733,0.001976556513380327,0.0008959697111460667,0.01556673470356412,0.0012754106400269202,-0.00033817983987292666,0.01893602958923511,0.014563668069047526
355,0.00702310612535027,0.005743681669029453,0.004894310396845182,0.005702556966256612,0.0059713103750227,0.005703452995952923,0.004592628442556706,0.017768838320701016,0.011595999497231328
362,0.0033688077367800906,0.0210288200651711,0.0018608814660826427,0.0034525724025010474,0.012736512517087996,0.0010171467333549618,0.006737675554650262,0.02999989446339371,0.03760167896888063
366,0.0,0.05037398174922786,0.0,0.0,0.04585128013617374,0.0,0.02764210704705068,0.06857634450017495,0.09130821920235213
370,0.0,0.012616326607014712,0.0,0.009870711244011078,0.008100924325677265,0.006084985648639678,0.0,0.015739259886094568,0.0148221914929868
372,0.01964053109585254,0.0031736326059397142,0.01964053109585254,0.018084094741834127,0.0212684809905225,0.018084094741834127,0.0,0.05382441420753005,0.019273420975783103
384,0.0174725457606043,0.0,0.0,0.11326568875237597,0.00887139572245084,0.11326568875237597,0.0,0.03077918698125286,-0.08248650177112313
385,0.005877851314644883,0.01457998123025156,0.004621276436698833,0.009241709993095783,0.01993030789805395,0.004621276436698833,0.0017606716782615748,0.0353357336515691,0.02358937739548764
387,0.001316823221483754,0.0002836219577876066,0.0,0.001316823221483754,0.0023359410341676616,0.0011278111768248617,0.0011278111768248617,0.003771639934812685,0.003751833764910045
398,0.0,0.0,0.0,0.028375521508939332,0.0,0.0,0.0,0.051106210239705234,0.0227306887307659
408,0.0264166100420599,0.005080663807045217,0.005052052614203612,0.025589625361728978,0.002420236830119606,0.0028359936406690415,0.0028359936406690415,0.012087829109058805,-0.023724047292682
414,0.0,0.0124614950006838,0.0,0.0116295343350198,0.03611542076061415,0.0124614950006838,0.03611542076061415,0.005765695231419925,0.0360172768884342
424,0.007323480388664956,0.013344076499897646,0.0033912487682457777,0.0,0.004122037685233101,0.0017371913732018222,0.0036526102954885895,0.005812745029400678,0.009816528442500956
433,0.0024476982631473345,0.01813816610088128,0.0,0.00689750921349537,0.0044334279635580695,0.0,0.005098827043474445,0.0157246892090875,0.022760552732285444
435,0.0,-0.0013554759599515,0.0,0.0,0.035223533192714526,0.0,0.0242764044507455,0.061445150974374425,0.08436607946516843
438,0.010221092153312739,0.026387264362425986,0.015551935325733334,0.024329131913795717,0.021816886645547005,0.023924626766879856,0.02706691932945399,0.036598682797162635,0.005753951564667451
448,0.0099201253322039,0.025188737438669125,0.015268612106465225,0.025188737438669125,0.024995918251672376,0.015268612106465225,0.015268612106465225,0.0252095454521789,0.019861058677917574
449,0.010344827200400622,0.01877679792862227,0.005421638363227321,-0.0004545877220397358,0.020770962131781416,-0.0010446803925729642,0.017058945000211257,0.03762204472595367,0.03634250174220988
452,0.0,0.0923019605338554,0.0,0.0,0.0923019605338554,0.0,0.0,0.0923019605338554,0.0923019605338554
454,0.003968388000451611,0.0060225865622905925,0.0011863531725147,0.0043954569945803,0.004511354163440703,0.0036060353829922643,0.002108517813703007,0.01108748050611246,0.005996743482864446
456,0.019824758116525766,0.02195954971372949,0.022485767199568966,0.0,0.007197841778342011,0.0,0.020966368563580546,0.02518825496259257,0.012652889503652188
457,0.02660105402760788,0.00801222583147128,0.0,0.02518533504972238,0.008099337289155111,0.02518533504972238,0.024406022283744035,0.029525975698471606,0.008452618969367567
468,0.013405978099907925,0.005637030944215713,0.0,0.013405978099907925,0.012350472879819137,0.0278811133167499,0.01697706773234615,0.0201744051471732,-0.007751777297976788
469,0.0,0.011167352351167335,0.0,0.09338238231383388,0.043543096054036466,0.09338238231383388,0.0,0.043543096054036466,-0.03867193390863007
472,0.010317134748919229,0.019245267780632028,0.007129548735297628,0.007465986987080956,0.016343004313456935,0.0060281256132072554,0.008749690184774998,0.020815212288386235,0.025806123911165168
475,0.0018085740312139334,6.228311049352499e-05,0.0,0.0,0.005591252841115692,0.0,0.0,0.013730939099051218,0.006687334258823593
477,0.0037067228425600235,0.00973569327144387,0.0031587530861495075,0.0037067228425600235,0.033434310493603965,0.0,0.02710679995562953,0.03258238430204125,0.06625612007728973
478,0.0,0.0016238992541357,0.0,0.0,0.0,0.0,0.0,0.02986391634435275,0.03148781559848845
479,0.0,0.0440085463470055,0.0,0.0,0.0,0.0,0.0,0.0,0.0440085463470055
480,0.01360718275510492,0.03594306958278979,0.007589198573865563,0.008890966299369476,0.014831843063896325,0.0017910266412987125,0.008289281334799961,0.024131143518420762,0.0358695326426712
487,0.0011241668383463062,0.010367301611055875,0.0011241668383463062,0.005569833578816581,0.0021986569644251623,0.006365284542822969,0.0,0.022432029567308595,0.007963635749558138
488,0.00486961976752998,0.0138864894437792,0.0,0.00486961976752998,0.02638766954264889,0.0058545155749194595,0.0058545155749194595,0.04535362130671515,0.052075286629283436
494,0.0,0.004491989943558363,0.0,0.0,0.00725151650091735,0.008424822872503625,0.0,0.02699500042036895,0.009166491558841762
503,0.0,0.04690975418440702,0.0,0.0,0.0,0.0,0.0047205158690277,0.04757108177060253,0.08976032008598185
506,0.0075299500547256,0.0,0.0,0.0,0.007891793411352476,0.0122949201366698,0.0,0.0248927726982114,0.0050679025068160015
507,0.012387396412051764,0.01200637274044846,0.013079903017942408,0.009143486262443904,0.0066744579684839146,0.0005685678522969538,0.0024581293910305537,0.027700174215508196,0.014646080246403128
514,0.004674263044836528,0.020761279985826935,0.0,0.006260348748348307,0.017227104365737544,0.0,0.0,0.014443125583451136,0.03230343213325294
519,0.0,0.061715219201641414,0.0,0.0,0.04819280075112994,0.0,0.0,0.06668720861320146,0.0733962282084948
521,0.0,0.05862558545168503,0.0,0.0,0.13358617397175357,0.0,0.0228077711064308,0.13358617397175357,0.1694039883170078
524,0.0,0.0072739889278828004,0.0,0.006003775060733266,0.0,0.006003775060733266,0.0072739889278828004,0.0056687103372176665,-0.00033506472351559996
531,0.007287667903017101,0.009193682242729467,0.010962188306081366,0.007287667903017101,0.010962188306081366,0.007287667903017101,0.007287667903017101,0.027399122206709897,0.0251990127683154
532,0.005663415754507262,0.008636613992772818,0.007987702507204845,0.005651021804723426,0.005658958313132536,0.00654940625257529,-9.476433448863871e-05,0.020244728322689073,0.007664498367860161
535,0.0016237943627224667,0.021929334996780684,0.0,0.0010750844961963221,0.004093800386235928,0.0010750844961963221,0.01569841547596094,0.020969690978780195,0.02576783144619589
536,0.01490242221954094,0.012058162700842213,0.00524551510337208,0.01087260225594152,0.003621091949826753,0.008212569242159873,0.012903438901072912,0.012633616949530047,0.0019171090171899465
542,0.06615828474290554,0.021507977683295244,0.0070914356119969,0.07324972035490243,0.0070914356119969,0.07324972035490243,0.08766626242620078,0.0238117149120003,-0.04943800544290213
543,0.01427074162131365,-0.0007195523135298874,0.0034412581490024627,0.016867824089221523,0.00058380952016475,0.003180891988072625,0.00058380952016475,0.03664337907343303,0.01561474452167915
549,0.02112149990744024,0.0,0.02112149990744024,0.020688044190586518,0.0,0.03124843476349078,0.0,0.010270646452290599,-0.02097778831120018
552,0.0,0.0288386183713634,0.0,0.0,0.05444313003662795,0.0,0.0,0.05444313003662795,0.08328174840799135
557,0.05093590192928552,0.044694855252099194,0.05093590192928552,0.05093590192928552,0.025472322447734543,0.05093590192928552,0.025472322447734543,0.036961725438827704,0.005248356313906839
562,0.0,0.0036663356671657143,0.0,0.0,0.0066241479465531435,0.0,0.0034249405416086425,0.08684090466737972,0.08708229979293679
570,0.02268345590151437,0.0141580546507447,0.02268345590151437,0.02268345590151437,0.021003995540363085,0.02268345590151437,0.0,0.07642715508370745,0.06790175383293778
573,0.0,0.01984254443805979,0.01829813544702841,0.012215259560516731,0.04013924768245781,0.0,0.048669096789411184,0.031371038795753904,0.04803629911802715
574,0.0,0.0219123938302761,0.0,0.006084051135599113,0.0,0.007417777386984913,0.0,0.02315771504353104,0.03495410156057437
579,0.004676112397378775,0.004508241951197024,0.001337241491481125,0.0013873242323502687,0.006263127469756243,0.0013385410118991186,0.001367968915388206,0.014719525048329674,0.008919731368139831
592,0.010367411321385646,0.003907826549186987,0.0,0.015987179096803465,0.0,0.008712627488474506,0.0,0.02635654054149909,0.0015466710528007734
595,0.01522598041314619,0.03174226293238584,0.01524397963036879,0.030469960043514977,0.02128829057281929,0.030469960043514977,0.04001238310490819,0.04903113721623793,0.01947272647089629
599,0.006528605007472986,0.0038882017600433143,0.0,0.004641761716045885,0.0008400854682912572,0.0008400854682912572,0.0008400854682912572,0.012134401007035544,-0.0023661885042938714
600,0.011600787404764074,0.008322038254489445,0.0037460244950797733,0.009091900986035992,0.009412531376516046,0.007420604651068559,0.0009293565017764533,0.04160166514071927,0.03969363333714285
603,0.0,0.0,0.0,0.0,0.0,0.0,0.0,0.13174246875555176,0.13174246875555176
611,0.0,-0.002096818886702867,0.0,0.0,0.0,0.0,0.0,0.015189263929267269,0.013092445042564403
621,0.005298854003055554,0.027070334723391036,0.006867463399369965,0.009397593892716742,0.008042979764783258,0.006941337352429506,0.012668203003238248,0.02301045127315965,0.009245990008593852
623,0.0,0.027855561582268328,0.0035034582393591,0.02098548890247491,0.023911089879140167,0.02098548890247491,0.003836101998923718,0.04719286318142669,0.040623758581529314
628,0.0,0.01907148276925915,0.0,0.0,0.031867108646455,0.0087804996634957,0.0087804996634957,0.010508937526306666,0.036288824930630216
633,0.0,0.0333269428781567,0.0023381269122156553,0.0056799826301159335,0.014118362662640216,0.009639096317363422,0.006297240599463145,0.04083519278749539,0.06614402612332049
645,0.0,0.0300127411547967,0.0,0.025392204301618777,0.021160925769958924,0.025392204301618777,0.0,0.04979772637691238,0.054418263230090295
646,0.0030860093561154525,0.008380635371160261,0.0022011127955321526,0.0044771146773340004,0.0014451995460021737,0.0030860093561154525,0.007110504620115316,0.014168011972400772,0.011845924606695021
654,0.006965893394151081,0.013137017552085562,0.0,0.006965893394151081,0.01825669305106624,0.0,0.0,0.01683056748926498,0.02300169164719946
655,0.0243588619824325,0.025212863534306,0.0,0.02436536365571374,0.025212863534306,0.0,0.0,0.11555734463109073,-0.043681059100034184
662,0.0,0.072811796670605,0.0,0.0,0.0,0.0,0.0,0.15342969341753254,0.08061789674692756
670,0.0,0.0652694523935211,0.0,0.0,0.01888556531830207,0.005476497763341857,0.005476497763341857,0.040552316847311816,0.09241270168587269
671,0.0271066189557236,0.05846899062152964,0.0,0.0,0.05846899062152964,0.0,0.0271066189557236,0.1027715880325439,0.13413395969834993
677,0.0,0.006374653382772875,0.0,-0.003026752079431975,0.006374653382772875,-0.003026752079431975,0.0,0.08221202269572782,-0.058138635144545925
679,0.007085506243536787,0.005305354741268562,0.0034042211533151564,0.01032790468323837,0.008573032066792807,0.00770141481787545,0.005334668150698894,0.04039906237007447,0.025589413559663966
682,0.0,0.00811425233652025,0.0,-0.0005223538278003399,0.0,0.0064803981597487004,0.00183184645953215,0.04083558943870565,0.040637597155945046
690,0.028548098210688683,0.015592898063977434,0.0,0.04414099627466611,0.005948330610844134,0.0,0.0,0.01913453531389895,-0.01905813034992303
693,0.005727226883390784,0.013388962263137426,0.001167005048938746,0.016195572544121604,0.0057014581818322346,0.007380166211836273,0.003227847549445519,0.023775269089527293,0.017659112144113233
694,0.0,0.0,0.0,0.13497275484524135,0.0,0.13497275484524135,0.0,0.04459636041213255,-0.0903763944331088
698,0.0,0.019456369360475078,0.0,0.0044382795674891,0.014188668551974763,0.0,0.0,0.0567703250293889,0.07198502797400827
701,0.013565334421192834,0.00507687923400582,0.0,0.01694659275534788,0.008383793919522627,0.012077187925284835,0.015798430427494153,0.02156745911254072,0.010269578930744412
703,0.0,0.025602806494160545,0.0,0.0005515049328113777,0.02048808840355439,0.013345199987016255,0.013345199987016255,0.009090733883371524,0.03414203544472069
705,0.0070782069866968,0.005536839422312441,0.0,0.0050854295944027005,0.0028469225319512417,0.0047582315027374,0.009847673528439,0.0038054560611142335,0.0011221015870831914
706,0.01790592957552221,0.016242335547950522,0.0,0.06899173736293562,0.027209646098916143,0.06041188118915105,0.03526510886688276,0.027248752376832566,-0.008141470146791988
716,0.001309453195699353,0.004007438082400805,0.005222719744401007,0.003535152000372,0.005720530502530224,0.0029353951183201353,0.001013435273420859,0.02578220690635017,0.0102764630443399
718,0.007210838607046715,0.0,0.004672260703238343,0.04160935624240257,0.004672260703238343,0.04160935624240257,0.006131622238110672,0.02000547987231643,-0.015472254131975473
726,0.0,0.012916734170068967,0.0,0.0,0.006377075146936067,0.006377075146936067,0.006377075146936067,0.006875464836586034,0.0132525399835221
728,0.0,0.0,0.0,0.0,0.03182855079116665,0.01786148900069385,0.0,0.09764277479399167,0.057719933338971074
730,0.0,0.0208423660556399,0.012744233192906185,0.0,0.0,0.0,0.0,0.026331056374996886,0.0344291892377306
732,0.0,0.01406496796386868,0.0,0.01702905292228904,0.0,0.0,0.01358932851833986,0.00943263381469674,-0.0071207796620634785
733,0.0009915532197458522,0.008493821457971363,0.0007591346021031953,0.006375706755599619,0.0035530367465064,0.006375706755599619,0.006166835155611286,0.013160120015023454,0.011144078747962381
740,0.0,0.0,0.0,0.0,0.07544107016637945,0.0,0.0,0.16570547001717534,0.16570547001717534
741,0.0,0.0156892987654044,0.0,0.0,0.013523714086881874,0.013523714086881874,0.013523714086881874,0.035945891803480096,0.0516351905688845
744,0.0,0.0853353816561836,0.0,0.0,0.0,0.0,0.0853353816561836,0.0,0.0
748,0.00362878302510911,0.01681912044068844,0.0,0.00401323854230713,0.005480038105118545,0.004748315880500985,0.011552252726900076,0.015022481256464475,0.010319940370772478
750,0.0260290404298206,0.00315811781330955,0.0,0.0365688230997995,0.0,0.0,0.00315811781330955,0.02760879893389045,-0.03498906459572965
753,0.0104335219216343,0.04049196749347757,0.0104335219216343,0.04252679583348894,0.0,0.0104335219216343,0.0,0.08193758539895508,0.07990275705894374
756,0.011684783593364676,0.00241846689032325,0.0014847520484619124,0.0014847520484619124,0.00152910641931585,0.00152910641931585,0.00152910641931585,0.03108034332987055,0.0188445225299053
761,0.0,-4.719903278831667e-05,0.0,-0.0005957843996257334,0.0,-0.0005957843996257334,0.0,0.033322198165412896,0.013612440369260117
764,0.0,0.0038258840801178116,0.0,0.0016793957176027335,0.0,0.0,0.0002728607686824666,0.0414222192914416,0.043295846885274214
770,0.00536268445930932,0.05744736375735869,0.00536268445930932,0.01102974706861598,0.00536268445930932,0.00536268445930932,0.00536268445930932,0.06178655021272448,0.0507568031441085
773,0.0,0.02489745714647065,0.0,0.0,0.01396501035282195,0.0,0.006986804975349267,0.0824953253428594,0.06458467317173802
777,0.005779016565097871,0.016759523508887965,0.0019732273624363176,0.0006734672790982353,0.014661534581403365,0.0006734672790982353,0.007454430006623678,0.03174904002572358,0.040380666248889634
781,0.009431339577146048,0.00965908726550086,0.002431180944451212,0.006869312172774354,0.008472474692686664,0.005481984948236001,0.0027434602884439828,0.018083810736975018,0.0062818456020062525
783,0.0,0.003844837509573136,0.0,0.0,0.004062928912611955,0.0011143722998309818,0.0015909341413229453,0.0702560865440876,0.07657291882494975
785,0.0,0.0033855870207416,0.0,0.0,0.0,0.0,0.0,0.0088279971013584,0.0122135841221
787,0.00793782441845733,0.00514597827509271,0.01335559811776319,0.00380427693518516,0.013070840631976522,0.00253072853606991,0.00253072853606991,0.02139574416279093,0.015005086063782053
789,0.024507426295050618,0.00879543704215607,0.008625620155433212,0.026973575344624048,0.0008063604787147941,0.01749907795401363,0.0021646503712015232,0.020583236246384088,-0.03123238800736694
790,0.014673545544269875,0.00877589439804325,0.011044486260960874,0.019685318429922036,0.016546437495850913,0.019685318429922036,0.019685318429922036,0.038603855082450074,0.022682658164919125
792,0.025693989624121897,0.04495569377685119,0.0,0.0406993051236903,0.015365523777252183,0.015365523777252183,0.015365523777252183,0.04539850920310847,0.07534888748039126
799,0.0026907524220859845,0.004005082561222116,0.0,0.0220841398972244,0.0014094510761471076,0.0026907524220859845,0.0026907524220859845,0.025816622336254685,0.0077375650002524015
801,0.00995500132692478,0.0034449437471165134,0.0005939884743679334,0.010266042245899519,0.00069337025419054,0.0027829364451279668,8.472369969030667e-05,0.004349307744453153,-0.010918617594875652
802,0.02473003941397945,0.03887245527677392,0.0,0.02473003941397945,0.03887245527677392,0.06360249469075338,0.06360249469075338,0.002523426030015175,0.01666584189280965
812,0.0,0.03643140059750421,0.0,0.0,0.005454079931835833,0.0021609236682810476,0.0021609236682810476,0.024727418939723755,0.05816857773595534
817,0.0,0.020446481034773402,0.020446481034773402,0.06267335389988124,0.020446481034773402,0.052853991641038635,0.020446481034773402,0.03936629593275422,-0.01348769570828442
821,0.0018399031180474626,0.07486822424663807,0.0013540615614479562,0.0018399031180474626,0.04378130875551295,0.04042621793594455,0.04042621793594455,0.0070752979430811,0.07877705257736542
822,0.0285928956516523,0.0,0.0,0.02294218082206062,0.0,0.0104510893748441,0.0104510893748441,0.018089103498969143,-0.02299488359989968
824,0.0,0.015415804789139266,0.0,0.14204874604621795,0.0,0.20213321439116885,0.0,0.0,-0.18671740960202957
826,0.0,0.0,0.0,0.0,0.0,0.0,0.0,0.12183503616253186,0.12183503616253186
827,0.004287077653997592,0.007935215039783233,0.014647350830590882,0.003433878332828892,0.005628479238076567,0.003433878332828892,0.005358160663551667,0.011064660951304666,-0.004017429416707875
829,0.0,0.032003001554971724,0.0105324039644941,0.0105324039644941,0.041942344691307844,0.0105324039644941,0.0105324039644941,0.031722784345506884,0.0426609779714904
834,0.010244707404114534,0.014752502938218967,0.010237038886980533,0.0030383295864753416,0.0053425503222813,0.0011824405432819334,0.002711628542606767,0.007604434976467167,0.004555561617337241
835,0.015409425229781625,0.007002289975881337,0.0117690910543307,0.003640334175450925,0.0,0.003640334175450925,0.0,0.006034628513040038,-0.005209722099478075
837,0.0,0.013682367338126344,0.0,0.013886345242548085,0.011690974682869943,0.013886345242548085,0.019122667706482317,0.04938317940831655,0.06830186921037713
840,0.0,0.030165622968351256,0.0,0.01853123600092083,0.009605076400179458,0.0,0.0,0.0392451028674714,0.05087948983490182
844,0.0,0.003264510496155082,0.001062214051171509,0.001062214051171509,0.022791624150604473,0.0010786393914374818,0.0030895491692022547,0.042325886735813646,0.041105136697955284
848,0.0,0.054423548635475494,0.033928142356617084,0.003246227015296033,0.002056544751750933,0.003246227015296033,0.0,0.04861136736161692,-0.008126008575092616
849,0.006185943297196275,0.032812574764377156,0.0,0.0058806598744881,0.025394077393238356,0.002722914376982383,0.002722914376982383,0.030784771331369157,0.03584177779515555
854,0.01060311523037331,0.013204173778431177,0.0,0.01060311523037331,0.028695558180534986,0.0,0.0,0.0474698721834177,0.049067739733447246
858,0.20968689673649,0.0,0.20968689673649,0.20968689673649,0.0,0.20968689673649,0.0,0.0,-0.20968689673649
859,0.0016899361478291137,0.006035184088698632,0.0016057034730291727,0.00133249680831185,0.007896955524769373,0.0007716064510008364,0.0035423836539592497,0.013804079911465728,0.012699735255294876
860,0.0,0.003403364409241273,0.0,0.002375703082695927,0.007523826592199228,0.0,0.003259511050206218,0.026853547737267426,0.025559072658735308
875,0.006370542587172056,0.0088017642186311,0.0,0.046072659188090045,0.031676938060168046,0.046072659188090045,0.0010124881913482556,0.04188818159097401,0.003604798430166805
876,0.0,0.27405487257516264,0.04834933655940685,0.0,0.32240420913456946,0.27405487257516264,0.27405487257516264,0.04834933655940685,0.32240420913456946
877,0.01650075481055224,0.030012731228243862,0.01650075481055224,0.01650075481055224,0.040250554270149966,0.01650075481055224,0.01650075481055224,0.04641062540000778,0.043421847007147164
886,0.013670068394912386,0.025651919347843673,0.01289578299401187,0.0239297495033386,0.005522805025319543,0.0,0.0,0.019665009931230527,0.027684270201955657
889,0.013888794800820715,0.0015577840661117857,0.0,0.023993288725576014,0.004125850542891243,0.023993288725576014,0.0,0.01856661505515117,-0.003868889604313058
890,0.0,0.03776931809674605,0.0,0.0870314779927023,0.0,0.0870314779927023,0.0,0.0,-0.04926215989595625
895,0.0,0.019755219236916585,0.0,0.004731852780373158,0.0022671769169359916,0.0,0.0,0.029547525173401045,0.03983903884957131
896,0.0,0.0027938620553486504,0.0,0.0,0.003894257576541025,0.0,0.0,0.0017078220965618001,0.0019995085404267005
901,0.004166804190060308,0.016946763586362292,0.0,0.035983932237786384,0.010037844840373634,0.03743232455142111,0.004899920724310467,0.01671983644178136,-0.009935664810378773
903,0.0,0.3333442341579137,0.0,0.0,0.0,0.0,0.0,0.0,0.3333442341579137
904,0.021312115627307802,0.010579767398451359,0.00840441452484905,0.01565674917277394,0.01141712209084177,0.021312115627307802,0.0,0.022047704113986422,0.0009120919387355902
906,0.0,0.030796728218643765,0.0,0.02066729002166215,0.0,0.0,0.0,0.06307730711017746,0.07320674530715908
908,0.0,-0.001239832870491275,0.0,0.0,0.0113715206241588,0.0,0.0,0.07985400295010582,0.07861417007961455
910,0.02627618369586141,0.03011106574544877,0.02627618369586141,0.0,0.054259283592747,0.011894562593499372,0.011894562593499372,0.05447264688469695,0.045295193567764847
913,0.04006817286205442,0.0029453930517183,0.0,0.04006817286205442,0.0,0.0,0.0,0.014725522476635838,-0.02239725733370028
915,0.0,0.017287811382910474,0.0,0.0,0.0,0.0,0.017287811382910474,0.0644085673849762,0.0644085673849762
919,0.0,0.034824172383184485,0.0,0.0,0.03987269242289892,0.0,0.00504852003971444,0.041190391070731504,0.04623891111044594
921,0.0112930860708896,0.010872912630050009,0.0,0.008675296570570082,0.009955608668220537,0.010194433135222518,0.003460909832845027,0.008202391326956264,-0.0025124807843500724
925,0.0,0.0157014852850147,0.0,0.0,0.0,0.0,0.0,0.053938955848962265,0.06964044113397697
931,0.0,0.02357532088009565,0.0,0.0,0.002522614604099425,0.0666515814539584,0.002522614604099425,0.00448640724978185,-0.03606723871998147
932,0.0025790173610761645,0.004637883045002229,0.003223111032218841,0.0030422826307848587,0.002209526666779953,0.002197250570885688,0.002209526666779953,0.021449250959781948,0.017597379276869565
937,0.0012027711067493477,0.0009792827021801905,0.0017462566531245573,0.01594658669531304,0.0017536257292669287,0.004368726303811953,0.0007596764116859285,0.01748398087055208,0.0125686107957231
938,0.003322256619931806,0.008402024708282668,0.001020547149752625,0.0055171846008561,0.008961202601725362,0.002838394410835288,0.0017449724645770127,0.06362757474930869,0.06489992501536665
942,0.022861989761471233,0.011955586869085618,0.0,0.08805382954470613,0.0,0.0763843214908248,0.022861989761471233,0.022171577579298413,-0.04225715704244076
944,0.004242273885789308,0.02135220207322587,0.0,0.0019464729783779384,0.0087859266429565,0.0,0.001885423084638823,0.02246120595478337,0.03768571105758111
946,0.000878846704316455,0.012842810588606484,0.0,0.0018087792633916847,0.0059236344397445,0.000890233634504105,0.00169852296461765,0.032689071260873635,0.04224812500118148
948,0.0014862496502751556,0.027747563607928422,0.0,0.0013355264018663445,0.0006306264068369889,-0.0001507232484088111,0.025407887702796714,0.002541751596261789,0.005032150749802311
961,0.0037001612304129595,0.011920288280389746,0.0034802464908243137,0.007079086418892968,0.001541076376707482,0.004714855464115636,0.00841286043701079,0.010396824999864706,0.004107562270927227
963,0.0,0.0061800220045342,0.0,0.0,0.0,0.0,0.0061800220045342,0.013904274619831167,0.013904274619831167
969,0.008311320975879435,0.002876393269882176,0.004425494071961988,0.03484784681138848,0.002884219261824,0.03595839008075208,0.005186995395755877,0.020357496304887,-0.02467072480624578
972,0.0,0.03738565516300789,0.0,0.0,0.0039435134730139,0.0,0.0039435134730139,0.019557545058171352,0.04892942004203804
974,0.0016626228950978,0.00148450973543177,0.0,-0.0007784512692168698,0.00036223712369398,-0.0007784512692168698,0.0,0.006602342639211641,0.008865303643860279
982,0.0,0.0031160354545465498,0.0,0.013308328207276217,0.007991311847460884,0.0,0.0005231416353181,0.029083321677517714,0.031676215496746166
983,0.01787757829151065,0.021089538197995725,0.007357351915487625,0.027769355841786688,0.007357351915487625,0.0,0.0,0.04335148373005069,0.054549244377770374
984,0.0,0.025233768466116403,0.0,0.0,0.036608044465959076,0.00926164797272096,0.025233768466116403,0.0893415446434552,0.09860319261617616
987,0.022416968269365976,0.034743881154536374,0.0,0.022416968269365976,0.026566373206736174,0.0,0.0,0.052429800861593774,0.06475671374676417
990,0.0014129706664437,0.008844422441873343,0.0,0.009091835529451728,0.0034937189491147788,0.006352680602828772,0.0011688629619377214,0.01902800728331972,0.015286875246626558
991,0.0,0.015371651975383812,0.007765102321366011,0.0103631693518891,0.0095810367893219,0.0103631693518891,0.011368936698184123,0.04715955180491409,0.0480067664838609
994,8.127690863309166e-05,-0.0016667067506664418,0.0,0.006983377717439526,0.00046864568944564165,0.0055871171064074505,-0.00038271715176804163,0.003658125190091175,-0.0042218733454342005
999,0.0,0.02725659030948177,0.0,0.0,0.007989849187015072,0.0,0.0070122855901781,0.029626097929329714,0.04987040264863339
1006,0.009823087043766285,0.006608684172349615,0.0,0.0021868046480355,0.010131545851521857,0.0,0.004591333024980257,0.010183100913099614,0.0047818933936474425
1007,0.10124502644175248,0.03307280196328938,0.0,0.10124502644175248,0.03285518185161635,0.0681722244784631,0.0681722244784631,0.03285518185161635,-0.0022442406635573703
1010,0.0191748882720158,0.00829859221456965,0.0191748882720158,0.011888088442330875,0.0,0.0,0.0,0.03540375303975188,0.012639368539974851
1020,0.04950648682724645,0.00572746533451314,0.0,0.0072502754726685,0.0015696639429706501,0.0,0.0,0.0269196988469231,-0.019868681472613198
1025,0.006406432392522925,0.007748202261254681,0.0012212079334674812,0.01555884047707645,0.007855734427177512,0.015693355850100506,0.007256719205239038,0.015780579611746788,-0.007266058971608387
1027,0.0017944073275744,0.008473473238064815,0.0005922639635241616,0.0058782572764052,0.0013496014538002846,0.0011939238367436463,-0.0001587731844507769,0.014046758379982715,0.016049710378118167
1031,0.0010118139586407454,0.0021586341031318364,0.0,0.0006621842607119636,0.0,0.0,0.004320037000441882,0.015295300076856618,0.015782704754813956
1037,0.004235073024028214,0.0042058251484496855,0.0030657904684700714,0.01576590228569353,0.0030657904684700714,0.021313051184796473,0.0073008634924982855,0.008160575553409386,-0.012012440951407471
1038,0.0003792803544466,0.00107123509279424,0.0,0.0,0.00050603201901708,0.0,0.0022575752921135802,3.6631011670819945e-05,0.00134972287556064
1039,0.0,0.01985776750161474,0.0,0.0033321072241663,0.01325793886809504,0.0,0.0,0.01518337439797934,0.02316768473141358
1046,0.006598637793474745,0.012608977534213871,0.0,0.01791123493071827,0.005415780899510509,0.007724698872442309,0.0031117037566005183,0.02499170652425767,0.02208345686722901
1049,0.0,0.015462552495968467,0.0,0.0,0.008781107612090598,0.0,0.006352691902863867,0.077549436610512,0.077549436610512
1050,0.038509327855291,0.005513881292046625,0.038509327855291,0.0,0.0,0.038509327855291,0.019825148917393974,0.01735096912265885,0.004180671476808447
1056,0.0,0.015339698956501413,0.0,0.004462404920314913,0.0038460831100041396,0.0,0.0,0.02408439554930288,0.016864357702481892
1062,0.003332930892350342,0.002828121161329838,0.0007554542873898125,0.009365092305371763,0.004782748451712663,0.0061143992475676005,0.0015530693749939834,0.011650571844766288,0.0027119510423109085
1063,0.003076339722694178,0.017495473948732153,0.003076339722694178,0.0,0.016978934591960898,0.003076339722694178,0.0,0.07304226915603883,0.08514129537163756
1064,0.0,0.0,0.0,0.0,0.0,0.0,0.0,0.0493025837707756,0.0493025837707756
1086,0.004354960733734595,0.008037615162845995,0.002923317706525224,0.009705043868024534,0.009639506914487462,0.009361515099425033,0.006062386266570533,0.01572067077346633,0.009075454257885132
1105,0.0,0.07579606830959333,0.0,0.0,0.0,0.0,0.0,0.035122766461042364,0.1109188347706357
1107,0.01945013467887233,0.0,0.011308784820968582,0.023370765239364183,0.0,0.011308784820968582,0.0117007905765003,0.016284873692532165,-0.0235953260025373
1118,0.0,0.015216094779133387,0.0,0.007522026477159075,0.010771129899636512,0.0,0.0,0.0193177175036687,0.03328994519556783
1123,0.01136728003801675,0.011270746998667163,0.005415059046880163,0.016622364233358288,0.008385173386129026,0.005415059046880163,0.005415059046880163,0.038441850653304674,0.027675174371733387
1124,0.05676265355681647,0.06618690855482876,0.03614223677036747,0.020620416786449,0.0,0.019177568879347084,0.0,0.002393556536907957,0.011817811534920243
1126,0.0,0.0,0.0,0.0,0.0,0.0,0.0,0.0199232896488784,0.0199232896488784
1128,0.0,0.009162152757545231,0.000343018424708,0.0018566913573228438,0.007258377230829131,0.002678251447116744,0.0010402831260743687,0.015300967001118488,0.012970438837687719
1132,0.013299415030238784,0.009552316090001883,0.0,0.01603973007356355,0.0109342400384297,0.0,0.0,0.018881585860061768,0.012394171876500099
1135,0.0568386951228882,0.014825845211092334,0.03456375728116399,0.03654751888563314,0.015809967873913377,0.03456375728116399,0.012915360956626364,0.05851239009557039,-0.05380798565242035
1142,0.011002403355936798,0.008661088200607632,0.0026759478607603,0.011002403355936798,0.0,0.0,0.0,0.0410356529839015,0.041587772494535345
1153,0.0014307745639549248,-0.0005564130961043417,0.0011538582733728916,0.0035313047256902252,0.0004411038022348,0.001843223485780825,0.0,0.007072131686732242,0.0022716593937995837
1172,0.0,-0.0002884958062503375,0.0,0.008495573740588437,0.0,0.0,0.0,0.07227458727647812,0.06349051772963935
1181,0.0,0.0061592365699287,0.0,0.0,0.005872392581756037,0.0,0.0031828516920197874,0.033926828110222775,0.02273805489688184
1182,0.005282215475292134,0.003975888389385455,0.0,0.013573055979936811,0.023644043086459045,0.00880118401462831,0.0,0.04310590295625476,0.0287368634003949
1186,0.00946584368077235,0.01164380168757561,0.0,0.01587427351697575,0.01164380168757561,0.00299153879885588,0.0,0.04427237090460058,0.022167580403889588
1188,0.0017915268241162584,0.005166823327071175,0.0,0.0028989832344848998,0.00826555307330669,0.0011074564103686418,0.0014009449885719748,0.011486658902538,0.00956889111942185
1191,0.007681881897400642,0.0029983386736241583,0.0,0.010193179201963868,0.00393985014450935,0.002641203400573826,0.0,0.008384645687551333,-0.002980347122540302
1203,0.003147787049579195,0.0035212072243006524,0.0007192980752292157,0.024893311542675406,0.0007192980752292157,0.023436609348203227,0.0016867376835948892,0.014794848087929122,-0.009974053714438009
1208,0.003986000964644912,5.370552354317562e-06,0.0028332209622633766,0.001018669995299494,0.005946634973471935,0.001018669995299494,0.004286196671159494,0.017695214901534966,0.017536799766150326
1209,0.0012305961392361001,0.0015078626590002637,0.0,0.0,0.0024472601994210545,0.0,0.0,0.025553613029155445,0.025830879548919605
1211,0.0,0.00383891159075722,0.00632610721264071,0.004469778810344259,0.007400105974791319,0.00554377757249487,0.00923040132037459,0.01789703005432261,0.02542256539295955
1212,0.0,0.0,0.0,0.027125661871058266,0.0,0.0,0.0,0.17975722323859464,0.15263156136753636
1216,0.0036867304380713687,0.015143365588280099,0.011188472349790712,0.015595952135438174,0.013232670391483736,0.012458208791914706,0.011412151602922155,0.017690382055102125,0.0013542670474622125
1219,0.00442113106760547,0.014205321424158101,0.00661045542459255,0.00411077950922131,0.0019022709683812998,0.00411077950922131,0.0,0.007082194702304199,0.01498741226025391
1222,0.002634321466026775,0.005706665034219282,0.005176201167010938,0.016303519359820894,0.0070325978507164814,0.014744715125517182,0.0,0.02774968673943052,0.01451851094780213
