term_str,n,p,i,n_chars,max_pos,n_pos,cat_pos,dfidf,mean_tfidf,anger,anticipation,disgust,fear,joy,negative,positive,sadness,surprise,trust,sentiment,polarity
die,563,0.0039056267386282,8.000230207444947,3,NNP,3,"{'NNS', 'NNP', 'NN'}",44.43626632604169,0.0576579606239416,0,0,0,1,0,1,0,1,0,0,-1,-1
production,532,0.0036905744670519,8.081938884023986,10,NN,2,"{'NNP', 'NN'}",45.28631295980088,0.0255933097788439,0,1,0,0,0,0,1,0,0,0,1,1
quote,328,0.0022753917766786,8.779669314907093,5,NNP,2,"{'NNP', 'NN'}",44.62479059676436,0.0224684786287279,0,1,0,0,0,1,1,0,1,0,0,0
art,228,0.0015816747715936,9.304331305360437,3,NNP,2,"{'NNP', 'NN'}",38.55933355986629,0.0186580942284085,0,1,0,0,1,0,1,1,1,0,1,1
iron,194,0.0013458109898647,9.537308477338048,4,NN,2,"{'NNP', 'NN'}",41.11104474568875,0.0204829722420713,0,0,0,0,0,0,1,0,0,1,1,1
united,190,0.0013180623096613,9.567365711194228,6,NNP,1,{'NNP'},40.820260751953874,0.0155917759557559,0,0,0,0,0,0,1,0,0,1,1,1
management,171,0.0011862560786952,9.71936880463928,10,NN,2,"{'NNP', 'NN'}",43.83363925691298,0.0143646146734231,0,0,0,0,0,0,1,0,0,1,1,1
assembly,152,0.0010544498477291,9.889293806081591,8,NN,2,"{'NNP', 'NN'}",44.24162502937839,0.0122285145897139,0,0,0,0,0,0,1,0,0,1,1,1
delivery,146,0.001012826827424,9.94739676064516,8,NN,2,"{'NNP', 'NN'}",46.43872536725359,0.0130404218525256,0,1,0,0,0,0,1,0,0,0,1,1
resistance,127,0.0008810205964578,10.14853663275301,10,NN,2,"{'NNP', 'NN'}",31.103080844792206,0.012518599127215,1,0,0,0,0,1,0,0,0,0,-1,-1
expertise,112,0.0007769630456951,10.329866397467573,9,NN,2,"{'NNP', 'NN'}",43.83363925691298,0.0108692690285855,0,0,0,0,0,0,1,0,0,1,1,1
general,110,0.0007630887055934,10.355861606000516,7,NNP,1,{'NNP'},38.90756251918218,0.0104270853292031,0,0,0,0,0,0,1,0,0,1,1,1
success,106,0.00073534002539,10.409300864961978,7,NN,2,"{'NNP', 'NN'}",40.52172108739802,0.0112446032023271,0,1,0,0,1,0,1,0,0,0,1,1
strength,105,0.0007284028553391,10.422975801859051,8,NN,2,"{'NNP', 'NN'}",39.90080541130029,0.0093267824798964,0,0,0,0,0,0,1,0,0,1,1,1
magnet,103,0.0007145285152374,10.450720792341958,6,NN,2,"{'NNP', 'NN'}",14.771212547196624,0.0108524349381837,0,0,0,0,0,0,1,0,0,1,1,1
leader,98,0.0006798426649832,10.522511475409967,6,NN,2,"{'NNP', 'NN'}",37.075893342494346,0.0085294243868454,0,0,0,0,0,0,1,0,0,1,1,1
operation,95,0.0006590311548306,10.567365711194228,9,NN,2,"{'NNP', 'NN'}",41.669885341573575,0.0096842865668368,0,0,0,1,0,0,0,0,0,1,0,0
corporation,93,0.0006451568147289,10.598062508417144,11,NNP,2,"{'NNP', 'NN'}",28.83897025456841,0.0128060939808613,0,0,0,0,0,0,1,0,0,1,1,1
level,88,0.0006104709644747,10.677789700887878,5,NN,2,"{'NNP', 'NN'}",38.20224083251561,0.0098546751035328,0,0,0,0,0,0,1,0,0,1,1,1
weight,88,0.0006104709644747,10.677789700887878,6,NNP,2,"{'NNP', 'NN'}",35.002450535668004,0.010107668637244,0,1,1,1,1,1,1,1,1,1,0,0
fabrication,86,0.000596596624373,10.710956564823078,11,NN,2,"{'NNP', 'NN'}",31.634041389778574,0.0146953007619172,0,0,0,0,0,1,0,0,0,1,-1,-1
center,84,0.0005827222842713,10.744903896746417,6,NNP,2,"{'NNP', 'NN'}",32.15183948103185,0.0118720874663038,0,0,0,0,0,0,1,0,0,1,1,1
resources,83,0.0005757851142205,10.762181888178253,9,NNPS,3,"{'NNS', 'NNP', 'NNPS'}",32.15183948103185,0.0081911246056463,0,0,0,0,1,0,1,0,0,1,1,1
content,77,0.0005341620939154,10.870434778830274,7,NN,2,"{'NNP', 'NN'}",30.55854638744708,0.0112796847031789,0,0,0,0,1,0,1,0,0,1,1,1
career,76,0.0005272249238645,10.889293806081591,6,NN,2,"{'NNP', 'NN'}",24.963368625744035,0.0087556923851715,0,1,0,0,0,0,1,0,0,0,1,1
share,76,0.0005272249238645,10.889293806081591,5,NN,2,"{'NNP', 'NN'}",29.42697444780048,0.0069969346082062,0,1,0,0,1,0,1,0,0,1,1,1
improvement,74,0.0005133505837628,10.927767953896227,11,NN,2,"{'NNP', 'NN'}",37.83609964884541,0.0091593633262361,0,0,0,0,1,0,1,0,0,1,1,1
paragon,71,0.0004925390736103,10.987474200020491,7,NNP,1,{'NNP'},4.352182518111363,0.00747344472807,0,1,0,0,1,0,1,0,0,1,1,1
assurance,71,0.0004925390736103,10.987474200020491,9,NN,2,"{'NNP', 'NN'}",35.002450535668004,0.010470972799213,0,0,0,0,0,0,1,0,0,1,1,1
case,70,0.0004856019035594,11.007938302580207,4,NNP,2,"{'NNP', 'NN'}",29.42697444780048,0.009390711431423,0,0,0,1,0,1,0,1,0,0,-1,-1
wear,70,0.0004856019035594,11.007938302580207,4,NN,2,"{'NNP', 'NN'}",25.6540486301476,0.0073593301759806,0,0,0,0,0,1,0,0,0,1,-1,-1
president,69,0.0004786647335086,11.028696862747006,9,NNP,2,"{'NNP', 'NN'}",30.55854638744708,0.0102786881008469,0,0,0,0,0,0,1,0,0,1,1,1
statement,66,0.000457853223356,11.092827200166722,9,NNP,2,"{'NNP', 'NN'}",27.615845575469955,0.0087918358745207,0,0,0,0,0,0,1,0,0,1,1,1
grant,65,0.0004509160533052,11.114853506496722,5,NNP,2,"{'NNP', 'NN'}",2.4771212547196626,0.0082570708490655,0,1,0,0,1,0,1,0,0,1,1,1
shell,62,0.0004301045431526,11.1830250091383,5,NN,2,"{'NNP', 'NN'}",23.521825181113627,0.0099901964602947,1,0,0,1,0,1,0,1,1,0,-1,-1
cad,58,0.0004023558629492,11.279240324397604,3,NNP,2,"{'NNP', 'NN'}",26.97953115119062,0.0116591812700905,1,0,1,0,0,1,0,0,0,0,-1,-1
integrity,57,0.0003954186928984,11.304331305360437,9,NN,2,"{'NNP', 'NN'}",34.09883100790839,0.0074647324052746,0,0,0,0,0,0,1,0,0,1,1,1
top,56,0.0003884815228475,11.329866397467573,3,NNP,2,"{'NNP', 'NN'}",22.76898542156984,0.0098638674027671,0,1,0,0,0,0,1,0,0,1,1,1
guide,55,0.0003815443527967,11.355861606000516,5,NNP,2,"{'NNP', 'NN'}",19.51544993495972,0.007091194917916,0,0,0,0,0,0,1,0,0,1,1,1
belt,55,0.0003815443527967,11.355861606000516,4,NN,2,"{'NNP', 'NN'}",17.721312731366734,0.007318270330019,1,0,0,1,0,1,0,0,0,0,-1,-1
opportunity,55,0.0003815443527967,11.355861606000516,11,NN,2,"{'NNP', 'NN'}",33.630022634148695,0.006090960751812,0,1,0,0,0,0,1,0,0,0,1,1
vision,54,0.0003746071827458,11.382333817361708,6,NN,2,"{'NNP', 'NN'}",31.103080844792206,0.009114442864425,0,1,0,0,0,0,1,0,0,0,1,1
stone,47,0.0003260469923899,11.58263246784754,5,NNP,2,"{'NNP', 'NN'}",13.705908707523038,0.0119601900498205,1,0,0,0,0,1,0,0,0,0,-1,-1
addresses,45,0.0003121726522882,11.6453682231955,9,NNS,2,"{'NNS', 'NNP'}",18.633905066579945,0.0073763292294894,0,1,0,0,0,0,1,0,0,0,1,1
electric,45,0.0003121726522882,11.6453682231955,8,NNP,2,"{'NNP', 'NN'}",22.76898542156984,0.0095422293427501,0,0,0,0,1,0,1,0,1,0,1,1
excellence,44,0.0003052354822373,11.677789700887878,10,NN,2,"{'NNP', 'NN'}",30.55854638744708,0.0054686996734852,0,0,1,0,1,0,1,0,0,1,1,1
food,43,0.0002982983121865,11.710956564823078,4,NN,2,"{'NNP', 'NN'}",25.6540486301476,0.0065267835293842,0,0,0,0,1,0,1,0,0,1,1,1
rod,43,0.0002982983121865,11.710956564823078,3,NN,2,"{'NNP', 'NN'}",20.3680203530198,0.0045353716947452,0,0,0,1,0,0,1,0,0,1,1,1
john,42,0.0002913611421356,11.744903896746417,4,NNP,1,{'NNP'},20.3680203530198,0.0092313401361018,0,0,1,0,0,1,0,0,0,0,-1,-1
money,41,0.0002844239720848,11.779669314907093,5,NN,2,"{'NNP', 'NN'}",24.963368625744035,0.0061808683395872,1,1,0,0,1,0,1,0,1,1,1,1
force,41,0.0002844239720848,11.779669314907093,5,NN,2,"{'NNP', 'NN'}",25.6540486301476,0.0058238184506997,1,0,0,1,0,1,0,0,0,0,-1,-1
partnership,39,0.0002705496319831,11.851819100662928,11,NN,2,"{'NNP', 'NN'}",21.193429666803603,0.005300127879742,0,0,0,0,0,0,1,0,0,1,1,1
warranty,39,0.0002705496319831,11.851819100662928,8,NN,2,"{'NNP', 'NN'}",17.721312731366734,0.0070302688106726,0,0,0,0,0,0,1,0,0,1,1,1
cutting,39,0.0002705496319831,11.851819100662928,7,NNP,2,"{'NNP', 'NN'}",21.193429666803603,0.0099164115094961,1,0,1,1,0,1,0,1,0,0,-1,-1
defense,39,0.0002705496319831,11.851819100662928,7,NN,2,"{'NNP', 'NN'}",24.252941159700608,0.0064288938906279,1,1,0,1,0,0,1,0,0,0,1,1
structure,39,0.0002705496319831,11.851819100662928,9,NN,2,"{'NNP', 'NN'}",25.6540486301476,0.0053398498399521,0,0,0,0,0,0,1,0,0,1,1,1
waste,38,0.0002636124619322,11.889293806081591,5,NN,2,"{'NNP', 'NN'}",20.3680203530198,0.0054989567755707,0,0,1,0,0,1,0,0,0,0,-1,-1
compliance,37,0.0002566752918814,11.927767953896227,10,NN,2,"{'NNP', 'NN'}",26.32584031219336,0.0050966900328688,0,0,0,0,0,0,1,0,0,1,1,1
reliability,37,0.0002566752918814,11.927767953896227,11,NN,2,"{'NNP', 'NN'}",27.615845575469955,0.0059446860248895,0,0,0,0,0,0,1,0,0,1,1,1
pride,35,0.0002428009517797,12.007938302580207,5,NN,2,"{'NNP', 'NN'}",28.83897025456841,0.0067201461973355,0,0,0,0,1,0,1,0,0,0,1,1
laser,35,0.0002428009517797,12.007938302580207,5,NN,2,"{'NNP', 'NN'}",17.721312731366734,0.0109122505466547,0,0,0,0,0,0,1,0,0,1,1,1
organization,33,0.000228926611678,12.092827200166722,12,NN,2,"{'NNP', 'NN'}",28.235452245138227,0.0040923565217186,0,1,0,0,1,0,1,0,1,1,1,1
inquiry,33,0.000228926611678,12.092827200166722,7,NNP,2,"{'NNP', 'NN'}",15.793014265175811,0.0054397906973942,0,1,0,0,0,0,1,0,0,0,1,1
green,33,0.000228926611678,12.092827200166722,5,NNP,2,"{'NNP', 'NN'}",24.252941159700608,0.0085859680788249,0,0,0,0,1,0,1,0,0,1,1,1
medical,32,0.0002219894416271,12.137221319525176,7,NNP,1,{'NNP'},22.76898542156984,0.0056620251942888,0,1,0,1,0,0,1,0,0,1,1,1
problem,32,0.0002219894416271,12.137221319525176,7,NN,2,"{'NNP', 'NN'}",24.252941159700608,0.0059984251086525,0,0,0,1,0,1,0,1,0,0,-1,-1
shopping,32,0.0002219894416271,12.137221319525176,8,NNP,2,"{'NNP', 'NN'}",15.793014265175811,0.0051251468952887,0,1,0,0,1,0,1,0,1,1,1,1
university,31,0.0002150522715763,12.1830250091383,10,NNP,1,{'NNP'},18.633905066579945,0.0045343818274532,0,1,0,0,0,0,1,0,0,0,1,1
fidelity,31,0.0002150522715763,12.1830250091383,8,NNP,2,"{'NNP', 'NN'}",2.4771212547196626,0.0082570708490655,0,0,0,0,1,0,1,0,0,1,1,1
shot,30,0.0002081151015254,12.230330723916657,4,NN,2,"{'NNP', 'NN'}",21.99327749309441,0.0062410474507971,1,0,0,1,0,1,0,1,1,0,-1,-1
resistant,29,0.0002011779314746,12.279240324397604,9,NNP,2,"{'NNP', 'NN'}",20.3680203530198,0.0046802627965022,0,0,0,1,0,1,0,0,0,0,-1,-1
instructions,29,0.0002011779314746,12.279240324397604,12,NNS,3,"{'NNS', 'NNP', 'NNPS'}",24.252941159700608,0.0042182592036605,0,1,0,0,0,0,0,0,0,1,0,0
public,28,0.0001942407614237,12.329866397467573,6,NNP,2,"{'NNP', 'NN'}",17.721312731366734,0.0037892845885854,0,1,0,0,0,0,1,0,0,0,1,1
challenge,28,0.0001942407614237,12.329866397467573,9,NN,2,"{'NNP', 'NN'}",20.3680203530198,0.0069058873906561,1,0,0,1,0,1,0,0,0,0,-1,-1
unique,28,0.0001942407614237,12.329866397467573,6,NNP,2,"{'NNP', 'NN'}",21.193429666803603,0.0057982217115593,0,0,0,0,0,0,1,0,1,0,1,1
agreement,27,0.0001873035913729,12.382333817361708,9,NN,2,"{'NNP', 'NN'}",17.721312731366734,0.0046913927596649,0,0,0,0,0,0,1,0,0,1,1,1
respect,27,0.0001873035913729,12.382333817361708,7,NN,1,{'NN'},19.51544993495972,0.002675369899148,0,1,0,0,1,0,1,0,0,1,1,1
damage,27,0.0001873035913729,12.382333817361708,6,NN,2,"{'NNP', 'NN'}",23.521825181113627,0.0050744817689701,1,0,1,0,0,1,0,1,0,0,-1,-1
error,27,0.0001873035913729,12.382333817361708,5,NN,2,"{'NNP', 'NN'}",19.51544993495972,0.004648311766757,0,0,0,0,0,1,0,1,0,0,-1,-1
award,27,0.0001873035913729,12.382333817361708,5,NNP,2,"{'NNP', 'NN'}",15.793014265175811,0.0073818556612509,0,1,0,0,1,0,1,0,1,1,1,1
expert,27,0.0001873035913729,12.382333817361708,6,NN,2,"{'NNP', 'NN'}",21.99327749309441,0.0048295608184769,0,0,0,0,0,0,1,0,0,1,1,1
durability,26,0.000180366421322,12.436781601384084,10,NN,2,"{'NNP', 'NN'}",22.76898542156984,0.0033095438091832,0,0,0,0,0,0,1,0,0,1,1,1
interior,26,0.000180366421322,12.436781601384084,8,NNP,3,"{'NNS', 'NNP', 'NN'}",13.705908707523038,0.0049990610056554,0,0,1,0,0,0,1,0,0,1,1,1
labor,26,0.000180366421322,12.436781601384084,5,NN,2,"{'NNP', 'NN'}",15.793014265175811,0.004558049541735,0,1,0,0,1,0,1,0,1,1,1,1
black,25,0.0001734292512712,12.493365129750453,5,NNP,1,{'NNP'},15.793014265175811,0.0032896585847974,0,0,0,0,0,1,0,1,0,0,-1,-1
limited,25,0.0001734292512712,12.493365129750453,7,NNP,1,{'NNP'},11.42416250293784,0.0047519305351758,1,0,0,0,0,1,0,1,0,0,-1,-1
treat,24,0.0001664920812203,12.55225881880402,5,NN,2,"{'NNP', 'NN'}",21.99327749309441,0.005111171342781,1,1,1,1,1,1,1,1,1,1,0,0
white,24,0.0001664920812203,12.55225881880402,5,NNP,1,{'NNP'},16.775280104064453,0.0041638992018825,0,1,0,0,1,0,1,0,0,1,1,1
love,24,0.0001664920812203,12.55225881880402,4,NN,2,"{'NNP', 'NN'}",14.771212547196624,0.0037616637426861,0,0,0,0,1,0,1,0,0,0,1,1
blast,24,0.0001664920812203,12.55225881880402,5,NNP,2,"{'NNP', 'NN'}",13.705908707523038,0.0046694736312227,1,0,0,1,0,1,0,0,1,0,-1,-1
conservation,24,0.0001664920812203,12.55225881880402,12,NN,2,"{'NNP', 'NN'}",7.5002450535668,0.004773037618184,0,1,0,0,0,0,1,0,0,1,1,1
title,24,0.0001664920812203,12.55225881880402,5,NNP,2,"{'NNP', 'NN'}",6.0,0.0034351908139142,0,0,0,0,0,0,1,0,0,1,1,1
fee,23,0.0001595549111695,12.613659363468162,3,NN,1,{'NN'},13.705908707523038,0.0047138449901493,1,0,0,0,0,1,0,0,0,0,-1,-1
risk,23,0.0001595549111695,12.613659363468162,4,NN,1,{'NN'},21.99327749309441,0.0033066087008319,0,1,0,1,0,1,0,0,0,0,-1,-1
government,23,0.0001595549111695,12.613659363468162,10,NN,2,"{'NNP', 'NN'}",19.51544993495972,0.006410579852492,0,0,0,1,0,1,0,0,0,0,-1,-1
gray,23,0.0001595549111695,12.613659363468162,4,NNP,2,"{'NNP', 'NN'}",13.705908707523038,0.0041189504058758,0,0,1,0,0,0,0,1,0,0,0,0
director,22,0.0001526177411186,12.677789700887878,8,NNP,2,"{'NNP', 'NN'}",20.3680203530198,0.0060172485742579,0,0,0,0,0,0,1,0,0,1,1,1
veteran,22,0.0001526177411186,12.677789700887878,7,NNP,2,"{'NNP', 'NN'}",14.771212547196624,0.0038238923423937,0,0,0,0,0,0,1,0,0,1,1,1
completion,22,0.0001526177411186,12.677789700887878,10,NN,2,"{'NNP', 'NN'}",19.51544993495972,0.0052417527566268,0,1,0,0,1,0,1,0,0,0,1,1
importance,21,0.0001456805710678,12.744903896746417,10,NN,1,{'NN'},19.51544993495972,0.0041133818882612,0,1,0,0,0,0,1,0,0,0,1,1
special,21,0.0001456805710678,12.744903896746417,7,NNP,1,{'NNP'},15.793014265175811,0.0038874928300427,0,0,0,0,1,0,1,0,0,0,1,1
lost,21,0.0001456805710678,12.744903896746417,4,NNP,2,"{'NNP', 'NN'}",14.771212547196624,0.0031247210963058,0,0,0,0,0,1,0,1,0,0,-1,-1
damages,20,0.0001387434010169,12.815293224637813,7,NNS,2,"{'NNS', 'NNP'}",13.705908707523038,0.0028522753842776,0,0,0,0,0,1,0,1,0,0,-1,-1
consistency,20,0.0001387434010169,12.815293224637813,11,NN,2,"{'NNP', 'NN'}",17.721312731366734,0.0042247049188342,0,0,0,0,0,0,1,0,0,1,1,1
prevention,19,0.0001318062309661,12.889293806081591,10,NN,1,{'NN'},12.59225014182175,0.0035282262922172,0,1,0,0,0,0,1,0,0,0,1,1
mother,19,0.0001318062309661,12.889293806081591,6,NN,2,"{'NNP', 'NN'}",7.5002450535668,0.0034429740110072,0,1,0,0,1,1,1,1,0,1,0,0
loss,19,0.0001318062309661,12.889293806081591,4,NN,2,"{'NNP', 'NN'}",18.633905066579945,0.0025976948578578,1,0,0,1,0,1,0,1,0,0,-1,-1
guarantee,19,0.0001318062309661,12.889293806081591,9,NN,2,"{'NNP', 'NN'}",14.771212547196624,0.0050258357958203,0,0,0,0,0,0,1,0,0,1,1,1
freedom,19,0.0001318062309661,12.889293806081591,7,NN,2,"{'NNP', 'NN'}",12.59225014182175,0.0035230757763943,0,0,0,0,1,0,1,0,0,1,1,1
understanding,19,0.0001318062309661,12.889293806081591,13,NN,2,"{'NNP', 'NN'}",14.771212547196624,0.0027088378721497,0,0,0,0,0,0,1,0,0,1,1,1
diverse,18,0.0001248690609152,12.967296318082864,7,NN,2,"{'NNP', 'NN'}",20.3680203530198,0.0036446951414619,0,0,0,0,0,1,1,0,0,0,0,0
established,18,0.0001248690609152,12.967296318082864,11,NN,2,"{'NNP', 'NN'}",10.193820026016112,0.0046215654732146,0,0,0,0,1,0,1,0,0,0,1,1
demand,18,0.0001248690609152,12.967296318082864,6,NN,2,"{'NNP', 'NN'}",21.193429666803603,0.0046668940936847,1,0,0,0,0,1,0,0,0,0,-1,-1
objective,18,0.0001248690609152,12.967296318082864,9,NN,2,"{'NNP', 'NN'}",14.771212547196624,0.0052957042713332,0,1,0,0,0,0,1,0,0,1,1,1
bottom,18,0.0001248690609152,12.967296318082864,6,NN,2,"{'NNP', 'NN'}",20.3680203530198,0.0028704510793319,0,0,0,0,0,1,0,1,0,0,-1,-1
accurate,18,0.0001248690609152,12.967296318082864,8,NNP,2,"{'NNP', 'NN'}",12.59225014182175,0.0057717302818551,0,0,0,0,0,0,1,0,0,1,1,1
conflict,18,0.0001248690609152,12.967296318082864,8,NNP,2,"{'NNP', 'NN'}",16.775280104064453,0.0031124563110222,1,0,0,1,0,1,0,1,0,0,-1,-1
holiday,17,0.0001179318908644,13.049758478274835,7,NNP,2,"{'NNP', 'NN'}",6.0,0.0045541125541125,0,1,0,0,1,0,1,0,0,0,1,1
garden,17,0.0001179318908644,13.049758478274835,6,NNP,2,"{'NNP', 'NN'}",13.705908707523038,0.0030095468357541,0,0,0,0,1,0,1,0,0,0,1,1
passion,17,0.0001179318908644,13.049758478274835,7,NN,2,"{'NNP', 'NN'}",12.59225014182175,0.002284430196957,0,1,0,0,1,0,1,0,0,1,1,1
competition,17,0.0001179318908644,13.049758478274835,11,NN,1,{'NN'},20.3680203530198,0.0031023042689323,0,1,0,0,0,1,0,0,0,0,-1,-1
beauty,17,0.0001179318908644,13.049758478274835,6,NNP,2,"{'NNP', 'NN'}",8.890756251918218,0.0030348254513759,0,0,0,0,1,0,1,0,0,0,1,1
cabinet,17,0.0001179318908644,13.049758478274835,7,NN,2,"{'NNP', 'NN'}",6.0,0.0026322751322751,0,0,0,0,0,0,1,0,0,1,1,1
emergency,17,0.0001179318908644,13.049758478274835,9,NN,2,"{'NNP', 'NN'}",13.705908707523038,0.003014069520691,0,0,0,1,0,1,0,1,1,0,-1,-1
store,17,0.0001179318908644,13.049758478274835,5,NN,2,"{'NNP', 'NN'}",15.793014265175811,0.0044883589862513,0,1,0,0,0,0,1,0,0,0,1,1
baby,16,0.0001109947208135,13.137221319525176,4,NN,2,"{'NNP', 'NN'}",4.352182518111363,0.0027632904876897,0,0,0,0,1,0,1,0,0,0,1,1
gift,16,0.0001109947208135,13.137221319525176,4,NNP,2,"{'NNP', 'NN'}",11.42416250293784,0.0028725430249749,0,1,0,0,1,0,1,0,1,0,1,1
pound,16,0.0001109947208135,13.137221319525176,5,NN,2,"{'NNP', 'NN'}",17.721312731366734,0.0032263928738086,1,0,0,0,0,1,0,0,0,0,-1,-1
war,16,0.0001109947208135,13.137221319525176,3,NN,2,"{'NNP', 'NN'}",14.771212547196624,0.0024040149451464,0,0,0,1,0,1,0,0,0,0,-1,-1
don,16,0.0001109947208135,13.137221319525176,3,NNP,2,"{'NNP', 'NN'}",16.775280104064453,0.0048397905909049,0,0,0,0,0,0,1,0,0,1,1,1
providing,16,0.0001109947208135,13.137221319525176,9,NNP,1,{'NNP'},11.42416250293784,0.0035690506569416,0,1,0,0,1,0,1,0,0,1,1,1
comfort,16,0.0001109947208135,13.137221319525176,7,NN,1,{'NN'},8.890756251918218,0.00195356826934,0,1,0,0,1,0,1,0,0,1,1,1
planning,16,0.0001109947208135,13.137221319525176,8,NN,2,"{'NNP', 'NN'}",15.793014265175811,0.0037066219308246,0,1,0,0,0,0,1,0,0,1,1,1
discretion,15,0.0001040575507627,13.230330723916657,10,NN,1,{'NN'},11.42416250293784,0.0025682786138546,0,1,0,0,0,0,1,0,0,1,1,1
rail,15,0.0001040575507627,13.230330723916657,4,NN,2,"{'NNP', 'NN'}",14.771212547196624,0.0019555113136191,1,1,0,0,0,1,0,0,0,0,-1,-1
shock,15,0.0001040575507627,13.230330723916657,5,NN,1,{'NN'},10.193820026016112,0.0020716432131766,1,0,0,1,0,1,0,0,1,0,-1,-1
fitting,15,0.0001040575507627,13.230330723916657,7,NN,2,"{'NNP', 'NN'}",12.59225014182175,0.0032174765775651,0,1,0,0,1,0,1,0,0,1,1,1
boy,14,9.71203807118924e-05,13.329866397467573,3,NNP,2,"{'NNP', 'NN'}",10.193820026016112,0.0018698339411146,0,0,1,0,0,1,0,0,0,0,-1,-1
lower,14,9.71203807118924e-05,13.329866397467573,5,NNP,1,{'NNP'},11.42416250293784,0.0027923192433847,0,0,0,0,0,1,0,1,0,0,-1,-1
crushing,14,9.71203807118924e-05,13.329866397467573,8,NNP,2,"{'NNP', 'NN'}",2.4771212547196626,0.003502999754149,1,0,1,1,0,1,0,0,0,0,-1,-1
noble,13,9.018321066104292e-05,13.436781601384084,5,NNP,1,{'NNP'},4.352182518111363,0.0017998456700915,0,0,0,0,0,0,1,0,0,1,1,1
pollution,13,9.018321066104292e-05,13.436781601384084,9,NN,1,{'NN'},8.890756251918218,0.003013213191267,0,0,1,0,0,1,0,0,0,0,-1,-1
guidance,13,9.018321066104292e-05,13.436781601384084,8,NN,1,{'NN'},16.775280104064453,0.0027293397175526,0,0,0,0,0,0,1,0,0,1,1,1
provide,13,9.018321066104292e-05,13.436781601384084,7,NNP,2,"{'NNP', 'NN'}",11.42416250293784,0.0021086609568944,0,0,0,0,0,0,1,0,0,1,1,1
interested,13,9.018321066104292e-05,13.436781601384084,10,NNP,1,{'NNP'},8.890756251918218,0.0027727354748112,0,0,1,0,0,0,1,1,0,0,1,1
progress,13,9.018321066104292e-05,13.436781601384084,8,NN,2,"{'NNP', 'NN'}",11.42416250293784,0.0018992489114206,0,1,0,0,1,0,1,0,0,0,1,1
tree,13,9.018321066104292e-05,13.436781601384084,4,NN,2,"{'NNP', 'NN'}",10.193820026016112,0.0029739889007103,1,1,1,0,1,0,1,0,1,1,1,1
teacher,13,9.018321066104292e-05,13.436781601384084,7,NN,2,"{'NNP', 'NN'}",4.352182518111363,0.0023626133669747,0,0,0,0,0,0,1,0,0,1,1,1
confidence,12,8.324604061019348e-05,13.55225881880402,10,NN,1,{'NN'},11.42416250293784,0.0026255436768162,0,0,0,1,1,0,1,0,0,1,1,1
create,12,8.324604061019348e-05,13.55225881880402,6,NNP,2,"{'NNP', 'NN'}",7.5002450535668,0.0027965254925835,0,0,0,0,1,0,1,0,0,0,1,1
commonwealth,12,8.324604061019348e-05,13.55225881880402,12,NNP,1,{'NNP'},6.0,0.003583922324552,0,0,0,0,0,0,1,0,0,1,1,1
professional,12,8.324604061019348e-05,13.55225881880402,12,NNP,2,"{'NNP', 'NN'}",13.705908707523038,0.0015542865332265,0,0,0,0,0,0,1,0,0,1,1,1
excellent,12,8.324604061019348e-05,13.55225881880402,9,NN,2,"{'NNP', 'NN'}",13.705908707523038,0.0025288202494982,0,0,0,0,1,0,1,0,0,1,1,1
kind,12,8.324604061019348e-05,13.55225881880402,4,NN,1,{'NN'},14.771212547196624,0.0018318671756215,0,0,0,0,1,0,1,0,0,1,1,1
cross,12,8.324604061019348e-05,13.55225881880402,5,NN,2,"{'NNP', 'NN'}",12.59225014182175,0.0025256783896243,1,0,0,1,0,1,0,1,0,0,-1,-1
journey,11,7.630887055934402e-05,13.677789700887878,7,NN,2,"{'NNP', 'NN'}",12.59225014182175,0.0021678766318898,0,1,0,1,1,0,1,0,0,0,1,1
pay,11,7.630887055934402e-05,13.677789700887878,3,NN,2,"{'NNP', 'NN'}",12.59225014182175,0.0020396882827086,0,1,0,0,1,0,1,0,0,1,1,1
credit,11,7.630887055934402e-05,13.677789700887878,6,NN,2,"{'NNP', 'NN'}",11.42416250293784,0.0021721618164795,0,0,0,0,0,0,1,0,0,1,1,1
proud,11,7.630887055934402e-05,13.677789700887878,5,NN,2,"{'NNP', 'NN'}",11.42416250293784,0.002493423651176,0,1,0,0,1,0,1,0,0,1,1,1
brother,11,7.630887055934402e-05,13.677789700887878,7,NNP,2,"{'NNP', 'NN'}",6.0,0.0029081196581196,0,0,0,0,0,0,1,0,0,1,1,1
cage,11,7.630887055934402e-05,13.677789700887878,4,NNP,1,{'NNP'},6.0,0.0027302052785923,0,0,0,0,0,1,0,1,0,0,-1,-1
disability,10,6.937170050849456e-05,13.815293224637813,10,NN,2,"{'NNP', 'NN'}",11.42416250293784,0.0017676670706733,0,0,0,0,0,1,0,1,0,0,-1,-1
launch,10,6.937170050849456e-05,13.815293224637813,6,NN,1,{'NN'},12.59225014182175,0.0013698953283415,0,1,0,0,0,0,1,0,0,0,1,1
butler,10,6.937170050849456e-05,13.815293224637813,6,NNP,1,{'NNP'},2.4771212547196626,0.0068808923742212,0,0,0,0,0,0,1,0,0,1,1,1
word,10,6.937170050849456e-05,13.815293224637813,4,NN,2,"{'NNP', 'NN'}",12.59225014182175,0.0018561246591115,0,0,0,0,0,0,1,0,0,1,1,1
rob,10,6.937170050849456e-05,13.815293224637813,3,NNP,1,{'NNP'},6.0,0.0011021164289702,1,0,1,1,0,1,0,1,0,0,-1,-1
receiving,10,6.937170050849456e-05,13.815293224637813,9,NNP,2,"{'NNP', 'NN'}",7.5002450535668,0.0010781729762919,0,1,0,0,1,0,1,0,1,0,1,1
seal,10,6.937170050849456e-05,13.815293224637813,4,NN,2,"{'NNP', 'NN'}",8.890756251918218,0.0044689400302218,0,0,0,0,0,0,1,0,0,1,1,1
advance,10,6.937170050849456e-05,13.815293224637813,7,NN,2,"{'NNP', 'NN'}",8.890756251918218,0.0020467188807935,0,1,0,1,1,0,1,0,1,0,1,1
winner,10,6.937170050849456e-05,13.815293224637813,6,NNP,1,{'NNP'},4.352182518111363,0.0066733465277707,0,1,0,0,1,0,1,0,1,0,1,1
efficient,10,6.937170050849456e-05,13.815293224637813,9,NN,2,"{'NNP', 'NN'}",14.771212547196624,0.0023959787615933,0,1,0,0,0,0,1,0,0,1,1,1
verification,10,6.937170050849456e-05,13.815293224637813,12,NN,2,"{'NNP', 'NN'}",12.59225014182175,0.0028574527813752,0,0,0,0,0,0,1,0,0,1,1,1
suspension,9,6.243453045764511e-05,13.967296318082864,10,NNP,2,"{'NNP', 'NN'}",7.5002450535668,0.0034437399674056,0,0,0,1,0,1,0,0,0,0,-1,-1
perfect,9,6.243453045764511e-05,13.967296318082864,7,NNP,2,"{'NNP', 'NN'}",8.890756251918218,0.0016421598849141,0,1,0,0,1,0,1,0,0,1,1,1
cap,9,6.243453045764511e-05,13.967296318082864,3,NN,2,"{'NNP', 'NN'}",8.890756251918218,0.001131765620073,0,1,0,0,0,0,0,0,0,1,0,0
sex,9,6.243453045764511e-05,13.967296318082864,3,NN,1,{'NN'},8.890756251918218,0.003226845545028,0,1,0,0,1,0,1,0,0,1,1,1
cancer,9,6.243453045764511e-05,13.967296318082864,6,NN,1,{'NN'},7.5002450535668,0.0008552098977772,1,0,1,1,0,1,0,1,0,0,-1,-1
cash,9,6.243453045764511e-05,13.967296318082864,4,NN,2,"{'NNP', 'NN'}",10.193820026016112,0.0029880659141282,1,1,0,1,1,0,1,0,0,1,1,1
depth,9,6.243453045764511e-05,13.967296318082864,5,NN,2,"{'NNP', 'NN'}",8.890756251918218,0.0013776752103942,0,0,0,0,0,0,1,0,0,1,1,1
congress,9,6.243453045764511e-05,13.967296318082864,8,NNP,1,{'NNP'},2.4771212547196626,0.0033778926200722,0,0,1,0,0,0,0,0,0,1,0,0
faith,9,6.243453045764511e-05,13.967296318082864,5,NN,1,{'NN'},13.705908707523038,0.0023907719368272,0,1,0,0,1,0,1,0,0,1,1,1
diamond,9,6.243453045764511e-05,13.967296318082864,7,NNP,2,"{'NNP', 'NN'}",4.352182518111363,0.0012780218505565,0,0,0,0,1,0,1,0,0,0,1,1
youth,9,6.243453045764511e-05,13.967296318082864,5,NNP,1,{'NNP'},6.0,0.0021420156904027,1,1,0,1,1,0,1,0,1,0,1,1
procedure,8,5.549736040679565e-05,14.137221319525176,9,NN,2,"{'NNP', 'NN'}",11.42416250293784,0.001577431309485,0,0,0,1,0,0,1,0,0,0,1,1
upset,8,5.549736040679565e-05,14.137221319525176,5,NNP,1,{'NNP'},2.4771212547196626,0.0034766614101328,1,0,0,0,0,1,0,1,0,0,-1,-1
continue,8,5.549736040679565e-05,14.137221319525176,8,NNP,2,"{'NNP', 'NN'}",10.193820026016112,0.0043517048250132,0,1,0,0,0,0,1,0,0,1,1,1
toughness,8,5.549736040679565e-05,14.137221319525176,9,NN,2,"{'NNP', 'NN'}",8.890756251918218,0.001964902196198,1,0,0,1,0,0,1,0,0,1,1,1
court,8,5.549736040679565e-05,14.137221319525176,5,NN,2,"{'NNP', 'NN'}",10.193820026016112,0.0013075195336246,1,1,0,1,0,0,0,0,0,0,0,0
fully,8,5.549736040679565e-05,14.137221319525176,5,NNP,1,{'NNP'},8.890756251918218,0.002243857530246,0,0,0,0,0,0,1,0,0,1,1,1
experienced,8,5.549736040679565e-05,14.137221319525176,11,NNP,1,{'NNP'},11.42416250293784,0.0039169429903009,0,0,0,0,0,0,1,0,0,1,1,1
child,8,5.549736040679565e-05,14.137221319525176,5,NN,1,{'NN'},6.0,0.0013511904761904,0,1,0,0,1,0,1,0,0,0,1,1
exchange,8,5.549736040679565e-05,14.137221319525176,8,NN,1,{'NN'},4.352182518111363,0.0015978292461597,0,0,0,0,0,0,1,0,0,1,1,1
fortune,8,5.549736040679565e-05,14.137221319525176,7,NNP,1,{'NNP'},10.193820026016112,0.0028778652219878,0,1,0,0,1,0,1,0,1,1,1,1
failure,8,5.549736040679565e-05,14.137221319525176,7,NN,1,{'NN'},12.59225014182175,0.0011538192315172,0,0,1,1,0,1,0,1,0,0,-1,-1
majority,8,5.549736040679565e-05,14.137221319525176,8,NN,1,{'NN'},11.42416250293784,0.0008864858416162,0,0,0,0,1,0,1,0,0,1,1,1
associate,8,5.549736040679565e-05,14.137221319525176,9,NNP,2,"{'NNP', 'NN'}",7.5002450535668,0.001609501093473,0,0,0,0,0,0,1,0,0,1,1,1
hit,8,5.549736040679565e-05,14.137221319525176,3,NNP,2,"{'NNP', 'NN'}",8.890756251918218,0.0023990436131202,1,0,0,0,0,1,0,0,0,0,-1,-1
ultimate,8,5.549736040679565e-05,14.137221319525176,8,NNP,2,"{'NNP', 'NN'}",8.890756251918218,0.0055134235198583,0,1,0,0,0,0,0,1,0,0,0,0
facts,8,5.549736040679565e-05,14.137221319525176,5,NNP,2,"{'NNS', 'NNP'}",12.59225014182175,0.002307454405398,0,0,0,0,0,0,1,0,0,1,1,1
alerts,8,5.549736040679565e-05,14.137221319525176,6,NNP,1,{'NNP'},2.4771212547196626,0.0013211313358504,0,1,0,1,0,0,0,0,1,0,0,0
pertinent,8,5.549736040679565e-05,14.137221319525176,9,NN,1,{'NN'},6.0,0.0022382062382062,0,0,0,0,0,0,1,0,0,1,1,1
frank,7,4.85601903559462e-05,14.329866397467573,5,NNP,1,{'NNP'},7.5002450535668,0.0010336757184607,0,0,0,0,0,0,1,0,0,1,1,1
legal,7,4.85601903559462e-05,14.329866397467573,5,NNP,1,{'NNP'},7.5002450535668,0.0026632643560489,0,0,0,0,0,0,1,0,0,1,1,1
hope,7,4.85601903559462e-05,14.329866397467573,4,NNP,2,"{'NNP', 'NN'}",4.352182518111363,0.0011429050730334,0,1,0,0,1,0,1,0,1,1,1,1
perfection,7,4.85601903559462e-05,14.329866397467573,10,NN,2,"{'NNP', 'NN'}",8.890756251918218,0.0023998624052523,0,1,0,0,1,0,1,0,1,1,1,1
harm,7,4.85601903559462e-05,14.329866397467573,4,NN,1,{'NN'},4.352182518111363,0.0006307510895813,0,0,0,1,0,1,0,0,0,0,-1,-1
important,7,4.85601903559462e-05,14.329866397467573,9,NNP,1,{'NNP'},4.352182518111363,0.0014568229997599,0,0,0,0,0,0,1,0,0,1,1,1
shrink,7,4.85601903559462e-05,14.329866397467573,6,NNP,2,"{'NNP', 'NN'}",6.0,0.0029956709956709,0,0,0,1,0,1,0,1,0,0,-1,-1
inability,7,4.85601903559462e-05,14.329866397467573,9,NN,2,"{'NNP', 'NN'}",10.193820026016112,0.0010172444857165,0,0,0,0,0,1,0,1,0,0,-1,-1
beam,7,4.85601903559462e-05,14.329866397467573,4,NN,2,"{'NNP', 'NN'}",7.5002450535668,0.0015722563388688,0,0,0,0,1,0,1,0,0,0,1,1
scientific,7,4.85601903559462e-05,14.329866397467573,10,NNP,1,{'NNP'},4.352182518111363,0.0028485944956599,0,0,0,0,0,0,1,0,0,1,1,1
fall,7,4.85601903559462e-05,14.329866397467573,4,NNP,2,"{'NNP', 'NN'}",8.890756251918218,0.0011503147611084,0,0,0,0,0,1,0,1,0,0,-1,-1
truth,7,4.85601903559462e-05,14.329866397467573,5,NN,2,"{'NNP', 'NN'}",4.352182518111363,0.0015766355000326,0,0,0,0,0,0,1,0,0,1,1,1
execution,7,4.85601903559462e-05,14.329866397467573,9,NN,1,{'NN'},10.193820026016112,0.0016133425950265,1,0,0,1,0,1,0,1,0,1,-1,-1
determination,7,4.85601903559462e-05,14.329866397467573,13,NN,2,"{'NNP', 'NN'}",11.42416250293784,0.001189591685883,0,0,0,0,0,0,1,0,0,1,1,1
wealth,7,4.85601903559462e-05,14.329866397467573,6,NN,2,"{'NNP', 'NN'}",8.890756251918218,0.0007081621135414,0,0,0,0,1,0,1,0,0,1,1,1
piles,7,4.85601903559462e-05,14.329866397467573,5,NNS,1,{'NNS'},2.4771212547196626,0.0012565107813795,0,0,1,0,0,1,0,0,0,0,-1,-1
defect,7,4.85601903559462e-05,14.329866397467573,6,NN,2,"{'NNP', 'NN'}",7.5002450535668,0.0012508719864381,1,0,0,0,0,1,0,0,0,0,-1,-1
disappointment,7,4.85601903559462e-05,14.329866397467573,14,NN,1,{'NN'},2.4771212547196626,0.0024083123309774,0,0,1,0,0,1,0,1,0,0,-1,-1
inspiration,7,4.85601903559462e-05,14.329866397467573,11,NN,1,{'NN'},2.4771212547196626,0.001806234248233,0,1,0,0,1,0,1,0,0,0,1,1
tramp,6,4.162302030509674e-05,14.55225881880402,5,NN,1,{'NN'},4.352182518111363,0.0007006354432565,0,0,1,1,0,1,0,1,0,0,-1,-1
sage,6,4.162302030509674e-05,14.55225881880402,4,NNP,1,{'NNP'},4.352182518111363,0.0013117239258365,0,0,0,0,0,0,1,0,0,1,1,1
row,6,4.162302030509674e-05,14.55225881880402,3,NNP,2,"{'NNP', 'NN'}",6.0,0.0007192299644277,1,0,0,0,0,1,0,0,0,0,-1,-1
rating,6,4.162302030509674e-05,14.55225881880402,6,NNP,2,"{'NNP', 'NN'}",6.0,0.0007462815784461,1,0,0,1,0,1,0,1,0,0,-1,-1
delay,6,4.162302030509674e-05,14.55225881880402,5,NN,1,{'NN'},7.5002450535668,0.001066438677736,1,0,1,1,0,1,0,1,0,0,-1,-1
battery,6,4.162302030509674e-05,14.55225881880402,7,NNP,2,"{'NNP', 'NN'}",6.0,0.0008816650107633,1,0,0,0,0,1,0,0,0,0,-1,-1
dirt,6,4.162302030509674e-05,14.55225881880402,4,NN,2,"{'NNP', 'NN'}",10.193820026016112,0.0013777361799867,0,0,1,0,0,1,0,0,0,0,-1,-1
assist,6,4.162302030509674e-05,14.55225881880402,6,NN,2,"{'NNP', 'NN'}",8.890756251918218,0.0015903666504325,0,0,0,0,0,0,1,0,0,1,1,1
hollow,6,4.162302030509674e-05,14.55225881880402,6,NNP,2,"{'NNP', 'NN'}",6.0,0.0008276643990929,0,0,0,0,0,1,0,1,0,0,-1,-1
termination,6,4.162302030509674e-05,14.55225881880402,11,NN,1,{'NN'},6.0,0.0011476843569866,0,0,0,0,0,1,0,1,0,0,-1,-1
revolution,6,4.162302030509674e-05,14.55225881880402,10,NNP,2,"{'NNP', 'NN'}",6.0,0.0006170233275496,1,1,0,1,0,1,1,1,1,0,0,0
chairman,6,4.162302030509674e-05,14.55225881880402,8,NNP,2,"{'NNP', 'NN'}",7.5002450535668,0.0013149514588284,0,0,0,0,0,0,1,0,0,1,1,1
birth,6,4.162302030509674e-05,14.55225881880402,5,NN,1,{'NN'},2.4771212547196626,0.0005385046205912,0,1,0,1,1,0,1,0,0,1,1,1
promise,6,4.162302030509674e-05,14.55225881880402,7,NN,1,{'NN'},10.193820026016112,0.0015043871149505,0,0,0,0,1,0,1,0,0,1,1,1
accountability,6,4.162302030509674e-05,14.55225881880402,14,NN,2,"{'NNP', 'NN'}",8.890756251918218,0.0011414499138065,0,0,0,0,0,0,1,0,0,1,1,1
count,6,4.162302030509674e-05,14.55225881880402,5,NNP,2,"{'NNP', 'NN'}",6.0,0.0023817204301075,0,0,0,0,0,0,1,0,0,1,1,1
patient,6,4.162302030509674e-05,14.55225881880402,7,NN,2,"{'NNP', 'NN'}",2.4771212547196626,0.005504713899377,0,1,0,0,0,0,1,0,0,0,1,1
calculator,6,4.162302030509674e-05,14.55225881880402,10,NN,2,"{'NNP', 'NN'}",2.4771212547196626,0.0018349046331256,0,0,0,0,0,0,1,0,0,1,1,1
terminal,6,4.162302030509674e-05,14.55225881880402,8,NNP,1,{'NNP'},7.5002450535668,0.0011151553390237,0,0,0,1,0,1,0,1,0,0,-1,-1
purity,6,4.162302030509674e-05,14.55225881880402,6,NN,1,{'NN'},7.5002450535668,0.0008221994825586,0,0,0,0,0,0,1,0,1,0,1,1
sterling,6,4.162302030509674e-05,14.55225881880402,8,NNP,1,{'NNP'},4.352182518111363,0.002191379956426,1,1,0,0,1,1,1,0,0,1,0,0
jump,6,4.162302030509674e-05,14.55225881880402,4,NNP,2,"{'NNP', 'NN'}",6.0,0.002271911663216,0,0,0,0,1,0,1,0,0,0,1,1
stark,6,4.162302030509674e-05,14.55225881880402,5,NNP,1,{'NNP'},2.4771212547196626,0.0010770092411824,0,0,0,0,0,1,0,0,0,1,-1,-1
safe,5,3.468585025424728e-05,14.815293224637813,4,NNP,1,{'NNP'},7.5002450535668,0.00090384158772,0,0,0,0,1,0,1,0,0,1,1,1
retirement,5,3.468585025424728e-05,14.815293224637813,10,NN,1,{'NN'},7.5002450535668,0.0008848314474848,0,1,0,1,1,1,1,1,0,1,0,0
complement,5,3.468585025424728e-05,14.815293224637813,10,NN,2,"{'NNP', 'NN'}",6.0,0.000926343310494,0,1,0,0,1,0,1,0,1,1,1,1
authorization,5,3.468585025424728e-05,14.815293224637813,13,NN,2,"{'NNP', 'NN'}",7.5002450535668,0.0010040787062788,0,0,0,0,0,0,1,0,0,1,1,1
daughter,5,3.468585025424728e-05,14.815293224637813,8,NN,2,"{'NNP', 'NN'}",8.890756251918218,0.0010941975795664,0,0,0,0,1,0,1,0,0,0,1,1
deal,5,3.468585025424728e-05,14.815293224637813,4,NN,2,"{'NNP', 'NN'}",8.890756251918218,0.0005428369226423,0,1,0,0,1,0,1,0,1,1,1,1
star,5,3.468585025424728e-05,14.815293224637813,4,NNP,2,"{'NNP', 'NN'}",8.890756251918218,0.001740946065491,0,1,0,0,1,0,1,0,0,1,1,1
clearance,5,3.468585025424728e-05,14.815293224637813,9,NN,2,"{'NNP', 'NN'}",6.0,0.0012626728110599,0,0,0,0,0,0,1,0,0,1,1,1
embrace,5,3.468585025424728e-05,14.815293224637813,7,NN,1,{'NN'},2.4771212547196626,0.0020642677122663,0,1,0,0,1,0,1,0,1,1,1,1
loyalty,5,3.468585025424728e-05,14.815293224637813,7,NN,1,{'NN'},7.5002450535668,0.0021113835960047,0,0,0,0,0,0,1,0,0,1,1,1
curiosity,5,3.468585025424728e-05,14.815293224637813,9,NN,1,{'NN'},4.352182518111363,0.0007850838029895,0,1,0,0,0,0,1,0,1,0,1,1
officer,5,3.468585025424728e-05,14.815293224637813,7,NNP,1,{'NNP'},6.0,0.0010055216506829,0,0,0,0,0,0,1,0,0,1,1,1
lord,5,3.468585025424728e-05,14.815293224637813,4,NNP,1,{'NNP'},4.352182518111363,0.0007648393314141,0,0,1,0,0,1,1,0,0,1,0,0
bear,5,3.468585025424728e-05,14.815293224637813,4,NN,2,"{'NNP', 'NN'}",6.0,0.0008294513457556,1,0,0,1,0,0,0,0,0,0,0,0
violation,5,3.468585025424728e-05,14.815293224637813,9,NN,1,{'NN'},8.890756251918218,0.0007736664243059,1,0,0,1,0,1,0,1,1,0,-1,-1
death,5,3.468585025424728e-05,14.815293224637813,5,NN,1,{'NN'},6.0,0.0006640692640692,1,1,1,1,0,1,0,1,1,0,-1,-1
god,5,3.468585025424728e-05,14.815293224637813,3,NNP,1,{'NNP'},4.352182518111363,0.0013816452438448,0,1,0,1,1,0,1,0,0,1,1,1
companion,5,3.468585025424728e-05,14.815293224637813,9,NNP,2,"{'NNP', 'NN'}",4.352182518111363,0.0004698789588134,0,0,0,0,1,0,1,0,0,1,1,1
strip,5,3.468585025424728e-05,14.815293224637813,5,NN,2,"{'NNP', 'NN'}",8.890756251918218,0.0009823935479551,0,0,0,0,0,1,0,1,0,0,-1,-1
save,5,3.468585025424728e-05,14.815293224637813,4,NNP,2,"{'NNP', 'NN'}",7.5002450535668,0.0029280013675857,0,0,0,0,1,0,1,0,0,1,1,1
carol,5,3.468585025424728e-05,14.815293224637813,5,NNP,1,{'NNP'},4.352182518111363,0.0008107006651383,0,0,0,0,1,0,1,0,0,1,1,1
enthusiasm,5,3.468585025424728e-05,14.815293224637813,10,NN,1,{'NN'},7.5002450535668,0.0009705065467717,0,1,0,0,1,0,1,0,1,0,1,1
shanghai,5,3.468585025424728e-05,14.815293224637813,8,NNP,1,{'NNP'},6.0,0.0015468975468975,0,0,1,1,0,1,0,0,0,0,-1,-1
aesthetics,5,3.468585025424728e-05,14.815293224637813,10,NNS,1,{'NNS'},8.890756251918218,0.0013611234314577,0,0,0,0,1,0,1,0,0,0,1,1
highest,5,3.468585025424728e-05,14.815293224637813,7,NNP,1,{'NNP'},8.890756251918218,0.0009642439500822,0,1,0,1,1,1,1,0,1,0,0,0
honor,5,3.468585025424728e-05,14.815293224637813,5,NN,3,"{'NNS', 'NNP', 'NN'}",7.5002450535668,0.0009771684716087,0,0,0,0,0,0,1,0,0,1,1,1
present,5,3.468585025424728e-05,14.815293224637813,7,NN,2,"{'NNP', 'NN'}",8.890756251918218,0.0012400898750485,0,1,0,0,1,0,1,0,1,1,1,1
ribbon,5,3.468585025424728e-05,14.815293224637813,6,NNP,2,"{'NNP', 'NN'}",6.0,0.0015485347985347,1,1,0,0,1,0,1,0,0,0,1,1
engaging,5,3.468585025424728e-05,14.815293224637813,8,NN,1,{'NN'},2.4771212547196626,0.0006071375624312,0,0,0,0,1,0,1,0,0,1,1,1
responsive,5,3.468585025424728e-05,14.815293224637813,10,NN,2,"{'NNP', 'NN'}",8.890756251918218,0.0014126127760013,0,1,0,0,0,0,1,0,0,1,1,1
authority,4,2.7748680203397825e-05,15.137221319525176,9,NN,1,{'NN'},4.352182518111363,0.0006488989086481,0,0,0,0,0,0,1,0,0,1,1,1
soundness,4,2.7748680203397825e-05,15.137221319525176,9,NN,1,{'NN'},6.0,0.0007312159523075,0,1,0,0,1,0,1,0,0,1,1,1
dismissal,4,2.7748680203397825e-05,15.137221319525176,9,NN,1,{'NN'},4.352182518111363,0.0025722118901367,1,0,1,1,0,1,0,1,1,0,-1,-1
warp,4,2.7748680203397825e-05,15.137221319525176,4,NN,2,"{'NNP', 'NN'}",2.4771212547196626,0.0022018855597508,1,0,0,0,0,1,0,1,0,0,-1,-1
remove,4,2.7748680203397825e-05,15.137221319525176,6,NNP,2,"{'NNP', 'NN'}",7.5002450535668,0.0004725597273339,1,0,0,1,0,1,0,1,0,0,-1,-1
clean,4,2.7748680203397825e-05,15.137221319525176,5,NNP,2,"{'NNP', 'NN'}",7.5002450535668,0.0008407492478045,0,0,0,0,1,0,1,0,0,1,1,1
volunteer,4,2.7748680203397825e-05,15.137221319525176,9,NN,2,"{'NNP', 'NN'}",6.0,0.0010820012995451,0,1,0,1,1,0,1,0,0,1,1,1
effective,4,2.7748680203397825e-05,15.137221319525176,9,NNP,1,{'NNP'},7.5002450535668,0.0009007300141949,0,0,0,0,0,0,1,0,0,1,1,1
turbulence,4,2.7748680203397825e-05,15.137221319525176,10,NN,1,{'NN'},6.0,0.0009913419913419,1,0,0,1,0,1,0,0,0,0,-1,-1
pinion,4,2.7748680203397825e-05,15.137221319525176,6,NN,1,{'NN'},2.4771212547196626,0.0005504713899377,0,0,0,1,0,1,0,0,0,0,-1,-1
fulfillment,4,2.7748680203397825e-05,15.137221319525176,11,NN,1,{'NN'},7.5002450535668,0.0017495630918761,0,1,0,0,1,0,1,0,0,1,1,1
fits,4,2.7748680203397825e-05,15.137221319525176,4,NNP,2,"{'NNS', 'NNP'}",4.352182518111363,0.0008137543070614,1,0,0,0,0,1,0,0,0,0,-1,-1
luster,4,2.7748680203397825e-05,15.137221319525176,6,NN,1,{'NN'},2.4771212547196626,0.0006116348777085,0,0,0,0,1,0,1,0,0,0,1,1
author,4,2.7748680203397825e-05,15.137221319525176,6,NN,2,"{'NNP', 'NN'}",7.5002450535668,0.0017716112628128,0,0,0,0,0,0,1,0,0,1,1,1
accredited,4,2.7748680203397825e-05,15.137221319525176,10,NNP,1,{'NNP'},4.352182518111363,0.0007771754496627,0,0,0,0,0,0,1,0,0,1,1,1
hunter,4,2.7748680203397825e-05,15.137221319525176,6,NNP,1,{'NNP'},6.0,0.0026153846153846,0,1,0,1,0,1,0,1,0,0,-1,-1
appreciation,4,2.7748680203397825e-05,15.137221319525176,12,NN,1,{'NN'},7.5002450535668,0.0009185674081343,0,0,0,0,1,0,1,0,0,1,1,1
pledge,4,2.7748680203397825e-05,15.137221319525176,6,NN,1,{'NN'},7.5002450535668,0.000622306312602,0,0,0,0,1,0,1,0,0,1,1,1
cooperation,4,2.7748680203397825e-05,15.137221319525176,11,NN,1,{'NN'},7.5002450535668,0.000656643478152,0,0,0,0,0,0,1,0,0,1,1,1
horizon,4,2.7748680203397825e-05,15.137221319525176,7,NNP,2,"{'NNP', 'NN'}",4.352182518111363,0.0005846319824039,0,1,0,0,0,0,1,0,0,0,1,1
church,4,2.7748680203397825e-05,15.137221319525176,6,NN,1,{'NN'},6.0,0.0007520315941368,0,1,0,0,1,0,1,0,0,1,1,1
grow,4,2.7748680203397825e-05,15.137221319525176,4,NN,2,"{'NNP', 'NN'}",4.352182518111363,0.0008472736274754,0,1,0,0,1,0,1,0,0,1,1,1
proficiency,4,2.7748680203397825e-05,15.137221319525176,11,NN,2,"{'NNP', 'NN'}",6.0,0.0007404970760233,0,1,0,0,1,0,1,0,1,1,1,1
serve,4,2.7748680203397825e-05,15.137221319525176,5,NNP,2,"{'NNP', 'NN'}",6.0,0.000780534877309,0,0,0,0,0,1,0,0,0,1,-1,-1
depression,4,2.7748680203397825e-05,15.137221319525176,10,NN,2,"{'NNP', 'NN'}",7.5002450535668,0.000885516016844,0,0,0,0,0,1,0,1,0,0,-1,-1
sun,4,2.7748680203397825e-05,15.137221319525176,3,NN,2,"{'NNP', 'NN'}",4.352182518111363,0.001420504016328,0,1,0,0,1,0,1,0,1,1,1,1
words,4,2.7748680203397825e-05,15.137221319525176,5,NNS,1,{'NNS'},7.5002450535668,0.000881725236952,1,0,0,0,0,1,0,0,0,0,-1,-1
quiet,4,2.7748680203397825e-05,15.137221319525176,5,NNP,1,{'NNP'},6.0,0.0009611528822055,0,0,0,0,0,0,1,1,0,0,1,1
picnic,4,2.7748680203397825e-05,15.137221319525176,6,NNP,1,{'NNP'},2.4771212547196626,0.00097142009989,0,1,0,0,1,0,1,0,1,1,1,1
develop,4,2.7748680203397825e-05,15.137221319525176,7,NNP,1,{'NNP'},7.5002450535668,0.0009301672587511,0,1,0,0,0,0,1,0,0,0,1,1
gun,4,2.7748680203397825e-05,15.137221319525176,3,NN,2,"{'NNP', 'NN'}",6.0,0.0006529328712617,1,0,0,1,0,1,0,0,0,0,-1,-1
larger,4,2.7748680203397825e-05,15.137221319525176,6,NNP,1,{'NNP'},7.5002450535668,0.000800621396591,0,0,1,0,0,0,0,0,1,1,0,0
ambition,4,2.7748680203397825e-05,15.137221319525176,8,NN,2,"{'NNP', 'NN'}",4.352182518111363,0.0006443390784792,0,1,0,0,1,0,1,0,0,1,1,1
disease,4,2.7748680203397825e-05,15.137221319525176,7,NN,2,"{'NNP', 'NN'}",4.352182518111363,0.0025245503168783,1,0,1,1,0,1,0,1,0,0,-1,-1
snare,4,2.7748680203397825e-05,15.137221319525176,5,NN,1,{'NN'},2.4771212547196626,0.001572775399822,0,0,0,1,0,1,0,0,0,0,-1,-1
fun,4,2.7748680203397825e-05,15.137221319525176,3,NNP,1,{'NNP'},4.352182518111363,0.0015942060505902,0,1,0,0,1,0,1,0,0,0,1,1
rifle,4,2.7748680203397825e-05,15.137221319525176,5,NNP,1,{'NNP'},2.4771212547196626,0.0025406371843278,1,0,0,1,0,1,0,0,0,0,-1,-1
peace,4,2.7748680203397825e-05,15.137221319525176,5,NN,1,{'NN'},7.5002450535668,0.0005518865063076,0,1,0,0,1,0,1,0,0,1,1,1
offset,3,2.081151015254837e-05,15.55225881880402,6,NNP,2,"{'NNP', 'NN'}",4.352182518111363,0.0006670892866026,0,1,0,0,0,0,1,0,0,0,1,1
paddle,3,2.081151015254837e-05,15.55225881880402,6,NNP,1,{'NNP'},2.4771212547196626,0.0007506428044605,0,1,0,0,0,0,1,0,0,0,1,1
cancel,3,2.081151015254837e-05,15.55225881880402,6,NN,2,"{'NNP', 'NN'}",6.0,0.0012926376224248,0,0,0,0,0,1,0,1,0,0,-1,-1
entertaining,3,2.081151015254837e-05,15.55225881880402,12,NNP,1,{'NNP'},2.4771212547196626,0.0007506428044605,0,1,0,0,1,0,1,0,0,0,1,1
luxury,3,2.081151015254837e-05,15.55225881880402,6,NNP,1,{'NNP'},2.4771212547196626,0.0007506428044605,0,0,0,0,1,0,1,0,0,0,1,1
excitement,3,2.081151015254837e-05,15.55225881880402,10,NN,1,{'NN'},4.352182518111363,0.0022991440385856,0,1,0,0,1,0,1,0,1,0,1,1
respects,3,2.081151015254837e-05,15.55225881880402,8,NNS,1,{'NNS'},6.0,0.0005469729979533,0,0,0,0,0,0,1,0,0,1,1,1
caution,3,2.081151015254837e-05,15.55225881880402,7,NN,1,{'NN'},6.0,0.0010435138024272,1,1,0,1,0,1,0,0,0,0,-1,-1
joy,3,2.081151015254837e-05,15.55225881880402,3,NNP,2,"{'NNP', 'NN'}",4.352182518111363,0.0009231902311145,0,0,0,0,1,0,1,0,0,0,1,1
powerful,3,2.081151015254837e-05,15.55225881880402,8,NNP,1,{'NNP'},4.352182518111363,0.0003007887971049,1,1,1,1,1,0,1,0,0,1,1,1
reliance,3,2.081151015254837e-05,15.55225881880402,8,NN,1,{'NN'},6.0,0.000691852401159,0,0,0,0,0,0,1,0,0,1,1,1
influence,3,2.081151015254837e-05,15.55225881880402,9,NN,1,{'NN'},4.352182518111363,0.0009714693120784,0,0,0,0,0,1,1,0,0,0,0,0
slump,3,2.081151015254837e-05,15.55225881880402,5,NN,2,"{'NNP', 'NN'}",4.352182518111363,0.0016702454839243,0,0,0,0,0,1,0,1,0,0,-1,-1
ill,3,2.081151015254837e-05,15.55225881880402,3,NN,2,"{'NNP', 'NN'}",4.352182518111363,0.000481593967168,1,0,1,1,0,1,0,1,0,0,-1,-1
monster,3,2.081151015254837e-05,15.55225881880402,7,NNP,2,"{'NNP', 'NN'}",2.4771212547196626,0.0002030427257966,0,0,0,1,0,1,0,0,0,0,-1,-1
destructive,3,2.081151015254837e-05,15.55225881880402,11,NNP,1,{'NNP'},6.0,0.0004285714285714,1,0,1,1,0,1,0,0,0,0,-1,-1
graduation,3,2.081151015254837e-05,15.55225881880402,10,NN,1,{'NN'},4.352182518111363,0.0008876829145332,0,1,0,1,1,0,1,0,1,1,1,1
punch,3,2.081151015254837e-05,15.55225881880402,5,NNP,2,"{'NNP', 'NN'}",6.0,0.0010136246182757,1,0,0,1,0,1,0,1,1,0,-1,-1
elegance,3,2.081151015254837e-05,15.55225881880402,8,NN,1,{'NN'},6.0,0.0008803418803418,0,1,0,0,1,0,1,0,0,1,1,1
wages,3,2.081151015254837e-05,15.55225881880402,5,NNS,1,{'NNS'},6.0,0.0011032571032571,0,0,0,0,1,0,1,0,0,0,1,1
council,3,2.081151015254837e-05,15.55225881880402,7,NNP,1,{'NNP'},6.0,0.0004320950367461,0,1,0,0,0,0,1,0,0,1,1,1
virgin,3,2.081151015254837e-05,15.55225881880402,6,NN,1,{'NN'},4.352182518111363,0.0010489328781395,0,0,0,0,0,0,1,0,0,1,1,1
sag,3,2.081151015254837e-05,15.55225881880402,3,NNP,2,"{'NNP', 'NN'}",4.352182518111363,0.0007082676376275,0,0,0,1,0,1,0,0,0,0,-1,-1
rehabilitation,3,2.081151015254837e-05,15.55225881880402,14,NN,1,{'NN'},4.352182518111363,0.0005840287866494,0,1,0,0,0,0,1,0,0,0,1,1
throttle,3,2.081151015254837e-05,15.55225881880402,8,NNP,2,"{'NNP', 'NN'}",4.352182518111363,0.0003942194309883,1,0,0,0,0,1,0,0,0,0,-1,-1
guard,3,2.081151015254837e-05,15.55225881880402,5,NNP,2,"{'NNP', 'NN'}",6.0,0.0004190139149694,0,0,0,1,0,0,1,0,0,1,1,1
exciting,3,2.081151015254837e-05,15.55225881880402,8,NN,1,{'NN'},4.352182518111363,0.000511132546551,0,1,0,0,1,0,1,0,1,0,1,1
rejects,3,2.081151015254837e-05,15.55225881880402,7,NNS,1,{'NNS'},4.352182518111363,0.0008929667414054,1,0,0,1,0,1,0,1,0,0,-1,-1
ministry,3,2.081151015254837e-05,15.55225881880402,8,NN,2,"{'NNP', 'NN'}",6.0,0.0005814354727398,0,0,0,0,1,0,1,0,0,1,1,1
mystery,3,2.081151015254837e-05,15.55225881880402,7,NNP,2,"{'NNP', 'NN'}",4.352182518111363,0.0005720874837795,0,1,0,0,0,0,0,0,1,0,0,0
police,3,2.081151015254837e-05,15.55225881880402,6,NNP,1,{'NNP'},2.4771212547196626,0.0007077489299199,0,0,0,1,0,0,1,0,0,1,1,1
achieve,3,2.081151015254837e-05,15.55225881880402,7,NNP,2,"{'NNP', 'NN'}",4.352182518111363,0.0014679980715851,0,0,0,0,1,0,1,0,0,1,1,1
oath,3,2.081151015254837e-05,15.55225881880402,4,NNP,1,{'NNP'},2.4771212547196626,0.0012385606273598,0,0,0,0,0,0,1,0,0,1,1,1
formula,3,2.081151015254837e-05,15.55225881880402,7,NN,2,"{'NNP', 'NN'}",6.0,0.0003491174745374,0,0,0,0,0,0,1,0,0,1,1,1
difficulties,3,2.081151015254837e-05,15.55225881880402,12,NNS,1,{'NNS'},6.0,0.0002921461839867,0,0,0,0,0,1,0,1,0,0,-1,-1
beautiful,3,2.081151015254837e-05,15.55225881880402,9,NN,1,{'NN'},4.352182518111363,0.000668472478272,0,0,0,0,1,0,1,0,0,0,1,1
expectation,3,2.081151015254837e-05,15.55225881880402,11,NN,1,{'NN'},4.352182518111363,0.0010208823190631,0,1,0,0,0,0,1,0,0,0,1,1
routine,3,2.081151015254837e-05,15.55225881880402,7,NN,1,{'NN'},2.4771212547196626,0.0004954242509439,0,0,0,0,0,0,1,0,0,1,1,1
attack,3,2.081151015254837e-05,15.55225881880402,6,NN,1,{'NN'},6.0,0.0006001909535744,1,0,0,1,0,1,0,0,0,0,-1,-1
guillotine,3,2.081151015254837e-05,15.55225881880402,10,NNP,1,{'NNP'},4.352182518111363,0.0012220802360638,1,1,1,1,0,1,0,1,0,0,-1,-1
stroke,3,2.081151015254837e-05,15.55225881880402,6,NN,1,{'NN'},6.0,0.0008047973531844,0,0,0,1,0,1,0,1,0,0,-1,-1
found,3,2.081151015254837e-05,15.55225881880402,5,NNP,1,{'NNP'},6.0,0.0004765041721563,0,0,0,0,1,0,1,0,0,1,1,1
radiation,3,2.081151015254837e-05,15.55225881880402,9,NN,2,"{'NNP', 'NN'}",6.0,0.0007434640522875,0,0,0,1,0,1,0,0,0,0,-1,-1
default,3,2.081151015254837e-05,15.55225881880402,7,NNP,1,{'NNP'},2.4771212547196626,0.0005160669280665,0,0,1,1,0,1,0,1,0,0,-1,-1
cement,3,2.081151015254837e-05,15.55225881880402,6,NNP,2,"{'NNP', 'NN'}",6.0,0.0015592903828197,0,1,0,0,0,0,0,0,0,1,0,0
victor,3,2.081151015254837e-05,15.55225881880402,6,NNP,1,{'NNP'},4.352182518111363,0.0009671516706914,0,0,0,0,1,0,1,0,0,0,1,1
intelligence,3,2.081151015254837e-05,15.55225881880402,12,NN,1,{'NN'},4.352182518111363,0.0030436831989406,0,0,0,1,1,0,1,0,0,1,1,1
primer,3,2.081151015254837e-05,15.55225881880402,6,NN,1,{'NN'},4.352182518111363,0.0008889261679149,0,0,0,0,0,0,1,0,0,1,1,1
destination,3,2.081151015254837e-05,15.55225881880402,11,NN,1,{'NN'},6.0,0.0004454241410763,0,1,0,1,1,0,1,1,1,0,1,1
accident,3,2.081151015254837e-05,15.55225881880402,8,NN,1,{'NN'},6.0,0.0004550264550264,0,0,0,1,0,1,0,1,1,0,-1,-1
manage,3,2.081151015254837e-05,15.55225881880402,6,NN,2,"{'NNP', 'NN'}",6.0,0.0007157287157287,0,0,0,0,0,0,1,0,0,1,1,1
calls,3,2.081151015254837e-05,15.55225881880402,5,NNS,1,{'NNS'},6.0,0.0007948717948717,0,1,0,0,0,1,0,0,0,1,-1,-1
impotence,3,2.081151015254837e-05,15.55225881880402,9,NNP,1,{'NNP'},2.4771212547196626,0.0027523569496885,1,0,0,1,0,1,0,1,0,0,-1,-1
orgasm,3,2.081151015254837e-05,15.55225881880402,6,NN,1,{'NN'},2.4771212547196626,0.0027523569496885,0,1,0,0,1,0,1,0,0,0,1,1
disorder,3,2.081151015254837e-05,15.55225881880402,8,NN,1,{'NN'},2.4771212547196626,0.0027523569496885,0,0,0,1,0,1,0,0,0,0,-1,-1
progression,3,2.081151015254837e-05,15.55225881880402,11,NN,2,"{'NNP', 'NN'}",6.0,0.001392156862745,0,1,0,0,1,0,1,1,0,1,1,1
gain,3,2.081151015254837e-05,15.55225881880402,4,NN,2,"{'NNP', 'NN'}",6.0,0.0006436251920122,0,1,0,0,1,0,1,0,0,0,1,1
fear,3,2.081151015254837e-05,15.55225881880402,4,NN,1,{'NN'},2.4771212547196626,0.0027523569496885,1,0,0,1,0,1,0,0,0,0,-1,-1
visitor,3,2.081151015254837e-05,15.55225881880402,7,NN,2,"{'NNP', 'NN'}",6.0,0.0004620333523988,0,1,0,0,1,0,1,0,0,0,1,1
reliable,3,2.081151015254837e-05,15.55225881880402,8,NNP,1,{'NNP'},6.0,0.0004054556986575,0,0,0,0,0,0,1,0,0,1,1,1
treasure,3,2.081151015254837e-05,15.55225881880402,8,NNP,2,"{'NNP', 'NN'}",4.352182518111363,0.004533523456366,0,1,0,0,1,0,1,0,0,1,1,1
unity,3,2.081151015254837e-05,15.55225881880402,5,NN,1,{'NN'},4.352182518111363,0.0004194280204529,0,0,0,0,0,0,1,0,0,1,1,1
urgency,3,2.081151015254837e-05,15.55225881880402,7,NN,1,{'NN'},4.352182518111363,0.0003747095918016,0,1,0,1,0,0,0,0,1,0,0,0
rash,3,2.081151015254837e-05,15.55225881880402,4,NN,1,{'NN'},2.4771212547196626,0.0027523569496885,0,0,1,0,0,1,0,0,0,0,-1,-1
compliment,2,1.3874340101698912e-05,16.137221319525175,10,NN,1,{'NN'},4.352182518111363,0.0007652189042833,0,1,0,0,1,0,1,0,1,1,1,1
independence,2,1.3874340101698912e-05,16.137221319525175,12,NN,2,"{'NNP', 'NN'}",4.352182518111363,0.0006464917584835,0,1,0,0,1,0,1,0,1,1,1,1
pig,2,1.3874340101698912e-05,16.137221319525175,3,NN,2,"{'NNP', 'NN'}",4.352182518111363,0.0004270539844611,0,0,1,0,0,1,0,0,0,0,-1,-1
ram,2,1.3874340101698912e-05,16.137221319525175,3,NN,1,{'NN'},4.352182518111363,0.0010385890100038,1,1,0,0,0,1,0,0,0,0,-1,-1
wireless,2,1.3874340101698912e-05,16.137221319525175,8,NN,1,{'NN'},4.352182518111363,0.000625804022212,1,1,0,0,0,0,1,0,1,0,1,1
recreation,2,1.3874340101698912e-05,16.137221319525175,10,NN,2,"{'NNP', 'NN'}",4.352182518111363,0.0007919604251319,0,1,0,0,1,0,1,0,0,0,1,1
bloom,2,1.3874340101698912e-05,16.137221319525175,5,NNP,1,{'NNP'},2.4771212547196626,0.0016514141698131,0,1,0,0,1,0,1,0,0,1,1,1
masterpiece,2,1.3874340101698912e-05,16.137221319525175,11,NN,2,"{'NNP', 'NN'}",2.4771212547196626,0.0003931938499555,0,0,0,0,1,0,1,0,0,0,1,1
doubt,2,1.3874340101698912e-05,16.137221319525175,5,NN,1,{'NN'},4.352182518111363,0.0009786653810567,0,0,0,1,0,1,0,1,0,1,-1,-1
shoulder,2,1.3874340101698912e-05,16.137221319525175,8,NNP,1,{'NNP'},2.4771212547196626,0.0002707236343955,0,0,0,0,0,0,1,0,0,1,1,1
durable,2,1.3874340101698912e-05,16.137221319525175,7,NNP,1,{'NNP'},4.352182518111363,0.0006400268408987,0,0,0,0,0,0,1,0,0,1,1,1
friendly,2,1.3874340101698912e-05,16.137221319525175,8,NNP,1,{'NNP'},4.352182518111363,0.000854892994629,0,1,0,0,1,0,1,0,0,1,1,1
adventure,2,1.3874340101698912e-05,16.137221319525175,9,NN,2,"{'NNP', 'NN'}",4.352182518111363,0.0003883210208335,0,1,0,0,0,0,1,0,0,0,1,1
battle,2,1.3874340101698912e-05,16.137221319525175,6,NN,1,{'NN'},4.352182518111363,0.0003208792576259,1,0,0,0,0,1,0,0,0,0,-1,-1
football,2,1.3874340101698912e-05,16.137221319525175,8,NN,1,{'NN'},4.352182518111363,0.0003635175490357,0,1,0,0,1,0,1,0,0,0,1,1
disabled,2,1.3874340101698912e-05,16.137221319525175,8,NNP,1,{'NNP'},4.352182518111363,0.000901209511326,0,0,0,1,0,1,0,1,0,0,-1,-1
strike,2,1.3874340101698912e-05,16.137221319525175,6,NNP,1,{'NNP'},4.352182518111363,0.0004363819369764,1,0,0,0,0,1,0,0,0,0,-1,-1
acrobat,2,1.3874340101698912e-05,16.137221319525175,7,NNP,1,{'NNP'},2.4771212547196626,0.0010321338561331,0,0,0,1,1,0,1,0,0,1,1,1
celebration,2,1.3874340101698912e-05,16.137221319525175,11,NNP,1,{'NNP'},4.352182518111363,0.0009807214007648,0,1,0,0,1,0,1,0,1,1,1,1
familiarity,2,1.3874340101698912e-05,16.137221319525175,11,NN,1,{'NN'},4.352182518111363,0.000298651084082,0,1,0,0,1,0,1,0,0,1,1,1
advise,2,1.3874340101698912e-05,16.137221319525175,6,NNP,1,{'NNP'},2.4771212547196626,0.0008257070849065,0,0,0,0,0,0,1,0,0,1,1,1
difficulty,2,1.3874340101698912e-05,16.137221319525175,10,NN,1,{'NN'},4.352182518111363,0.0008807988429511,1,0,0,1,0,1,0,1,0,0,-1,-1
pleasant,2,1.3874340101698912e-05,16.137221319525175,8,NN,2,"{'NNP', 'NN'}",4.352182518111363,0.0010489328781395,0,1,0,0,1,0,1,0,1,1,1,1
wait,2,1.3874340101698912e-05,16.137221319525175,4,NN,2,"{'NNP', 'NN'}",4.352182518111363,0.0011478283564249,0,1,0,0,0,1,0,0,0,0,-1,-1
classics,2,1.3874340101698912e-05,16.137221319525175,8,NNS,1,{'NNS'},2.4771212547196626,0.0002540637184327,0,0,0,0,1,0,1,0,0,0,1,1
worthy,2,1.3874340101698912e-05,16.137221319525175,6,NNS,1,{'NNS'},2.4771212547196626,0.0002540637184327,0,0,0,0,0,0,1,0,0,1,1,1
outstanding,2,1.3874340101698912e-05,16.137221319525175,11,NNP,1,{'NNP'},4.352182518111363,0.0002108777949668,0,0,0,0,1,1,1,0,0,0,0,0
accord,2,1.3874340101698912e-05,16.137221319525175,6,NNP,1,{'NNP'},4.352182518111363,0.0006594215936532,0,0,0,0,0,0,1,0,0,1,1,1
rota,2,1.3874340101698912e-05,16.137221319525175,4,NN,2,"{'NNP', 'NN'}",4.352182518111363,0.0004057979037866,0,0,0,0,0,0,1,0,0,1,1,1
grave,2,1.3874340101698912e-05,16.137221319525175,5,NN,2,"{'NNP', 'NN'}",2.4771212547196626,0.0004234395307213,0,0,0,1,0,1,0,1,0,0,-1,-1
expect,2,1.3874340101698912e-05,16.137221319525175,6,NNP,1,{'NNP'},4.352182518111363,0.0008876829145332,0,1,0,0,0,0,1,0,1,1,1,1
testament,2,1.3874340101698912e-05,16.137221319525175,9,NN,1,{'NN'},4.352182518111363,0.0011102506423753,0,1,0,0,0,0,0,0,0,1,0,0
harmony,2,1.3874340101698912e-05,16.137221319525175,7,NN,1,{'NN'},4.352182518111363,0.0001806878496414,0,0,0,0,1,0,1,0,0,1,1,1
alarm,2,1.3874340101698912e-05,16.137221319525175,5,NN,1,{'NN'},2.4771212547196626,0.0013761784748442,0,0,0,1,0,1,0,0,1,0,-1,-1
dolor,2,1.3874340101698912e-05,16.137221319525175,5,NN,1,{'NN'},2.4771212547196626,0.0002359163099733,0,0,0,0,0,1,0,1,0,0,-1,-1
rupture,2,1.3874340101698912e-05,16.137221319525175,7,NN,1,{'NN'},2.4771212547196626,0.000485710049945,0,0,0,1,0,1,0,1,1,0,-1,-1
instruction,2,1.3874340101698912e-05,16.137221319525175,11,NN,2,"{'NNP', 'NN'}",4.352182518111363,0.0009520399258368,0,0,0,0,0,0,1,0,0,1,1,1
shoot,2,1.3874340101698912e-05,16.137221319525175,5,NNP,1,{'NNP'},4.352182518111363,0.0007720958715603,1,0,0,1,0,1,0,0,0,0,-1,-1
quest,2,1.3874340101698912e-05,16.137221319525175,5,NN,1,{'NN'},4.352182518111363,0.0003562054144287,0,1,0,0,0,0,1,0,0,0,1,1
wilderness,2,1.3874340101698912e-05,16.137221319525175,10,NN,1,{'NN'},2.4771212547196626,0.0005160669280665,0,1,0,1,0,0,0,1,0,0,0,0
barrier,2,1.3874340101698912e-05,16.137221319525175,7,NN,1,{'NN'},4.352182518111363,0.0006230688647723,1,0,0,0,0,1,0,0,0,0,-1,-1
grizzly,2,1.3874340101698912e-05,16.137221319525175,7,NNP,1,{'NNP'},4.352182518111363,0.0003843639452136,0,0,0,1,0,1,0,0,0,0,-1,-1
watch,2,1.3874340101698912e-05,16.137221319525175,5,NNP,1,{'NNP'},4.352182518111363,0.0006044697941821,0,1,0,1,0,0,0,0,0,0,0,0
childhood,2,1.3874340101698912e-05,16.137221319525175,9,NN,1,{'NN'},4.352182518111363,0.000433922959395,0,0,0,0,1,0,1,0,0,0,1,1
recreational,2,1.3874340101698912e-05,16.137221319525175,12,NNP,1,{'NNP'},4.352182518111363,0.0006898564364372,0,1,0,0,1,0,1,0,0,0,1,1
labyrinth,2,1.3874340101698912e-05,16.137221319525175,9,NNP,1,{'NNP'},2.4771212547196626,0.0016514141698131,0,1,0,0,0,1,0,0,0,0,-1,-1
rack,2,1.3874340101698912e-05,16.137221319525175,4,NNP,1,{'NNP'},4.352182518111363,0.0003736722364035,0,0,0,0,0,1,0,1,0,0,-1,-1
famine,2,1.3874340101698912e-05,16.137221319525175,6,NNP,1,{'NNP'},2.4771212547196626,0.0005504713899377,0,0,0,0,0,1,0,1,0,0,-1,-1
stint,2,1.3874340101698912e-05,16.137221319525175,5,NN,1,{'NN'},4.352182518111363,0.0004516917143339,0,0,0,1,0,1,0,1,0,0,-1,-1
complaint,2,1.3874340101698912e-05,16.137221319525175,9,NN,1,{'NN'},4.352182518111363,0.0004270539844611,1,0,0,0,0,1,0,0,0,0,-1,-1
corruption,2,1.3874340101698912e-05,16.137221319525175,10,NN,1,{'NN'},2.4771212547196626,0.0006116348777085,0,0,1,0,0,1,0,0,0,0,-1,-1
contamination,2,1.3874340101698912e-05,16.137221319525175,13,NN,2,"{'NNP', 'NN'}",4.352182518111363,0.000876481201564,0,0,1,0,0,1,0,0,0,0,-1,-1
music,2,1.3874340101698912e-05,16.137221319525175,5,NN,1,{'NN'},4.352182518111363,0.0003658726261559,0,0,0,0,1,0,1,1,0,0,1,1
suppression,2,1.3874340101698912e-05,16.137221319525175,11,NN,2,"{'NNP', 'NN'}",4.352182518111363,0.0010257669234605,1,0,1,1,0,1,0,0,0,0,-1,-1
dispute,2,1.3874340101698912e-05,16.137221319525175,7,NN,1,{'NN'},2.4771212547196626,0.0011009427798754,1,0,0,0,0,1,0,0,0,0,-1,-1
worm,2,1.3874340101698912e-05,16.137221319525175,4,NN,2,"{'NNP', 'NN'}",4.352182518111363,0.0004665718823018,0,1,0,0,0,1,0,0,1,0,-1,-1
hunting,2,1.3874340101698912e-05,16.137221319525175,7,NN,1,{'NN'},4.352182518111363,0.0002681482545619,1,1,0,1,0,1,0,0,0,0,-1,-1
saint,2,1.3874340101698912e-05,16.137221319525175,5,NNP,1,{'NNP'},2.4771212547196626,0.0016514141698131,0,1,0,0,1,0,1,0,1,1,1,1
desert,2,1.3874340101698912e-05,16.137221319525175,6,NNP,1,{'NNP'},2.4771212547196626,0.000500428536307,1,0,1,1,0,1,0,1,0,0,-1,-1
advent,2,1.3874340101698912e-05,16.137221319525175,6,NNP,1,{'NNP'},4.352182518111363,0.0006015775942099,0,1,0,0,1,0,1,0,0,1,1,1
enthusiast,2,1.3874340101698912e-05,16.137221319525175,10,NNP,1,{'NNP'},2.4771212547196626,0.000500428536307,0,1,0,0,1,0,1,0,1,0,1,1
lightning,2,1.3874340101698912e-05,16.137221319525175,9,NN,2,"{'NNP', 'NN'}",4.352182518111363,0.0006758047388371,1,0,0,1,0,0,0,0,1,0,0,0
mentor,2,1.3874340101698912e-05,16.137221319525175,6,NN,1,{'NN'},2.4771212547196626,0.0003840498069332,0,0,0,0,0,0,1,0,0,1,1,1
margin,2,1.3874340101698912e-05,16.137221319525175,6,NN,1,{'NN'},4.352182518111363,0.0003884964427724,0,0,0,0,0,1,0,1,0,0,-1,-1
professor,2,1.3874340101698912e-05,16.137221319525175,9,NN,2,"{'NNP', 'NN'}",4.352182518111363,0.0002504232004468,0,0,0,0,0,0,1,0,0,1,1,1
bonus,2,1.3874340101698912e-05,16.137221319525175,5,NN,1,{'NN'},2.4771212547196626,0.0006351592960819,0,1,0,0,1,0,1,0,1,0,1,1
debris,2,1.3874340101698912e-05,16.137221319525175,6,NN,1,{'NN'},4.352182518111363,0.0004341192158217,0,0,1,0,0,1,0,0,0,0,-1,-1
injury,2,1.3874340101698912e-05,16.137221319525175,6,NN,1,{'NN'},4.352182518111363,0.0006128073085846,1,0,0,1,0,1,0,1,0,0,-1,-1
good,2,1.3874340101698912e-05,16.137221319525175,4,NN,2,"{'NNP', 'NN'}",4.352182518111363,0.0003736722364035,0,1,0,0,1,0,1,0,1,1,1,1
deterioration,2,1.3874340101698912e-05,16.137221319525175,13,NN,1,{'NN'},4.352182518111363,0.0003994756900681,1,0,1,1,0,1,0,1,0,0,-1,-1
evil,2,1.3874340101698912e-05,16.137221319525175,4,NN,1,{'NN'},2.4771212547196626,0.0001342613146189,1,0,1,1,0,1,0,1,0,0,-1,-1
reimbursement,2,1.3874340101698912e-05,16.137221319525175,13,NN,1,{'NN'},4.352182518111363,0.0005587261340818,0,0,0,0,0,0,1,0,0,1,1,1
communicate,2,1.3874340101698912e-05,16.137221319525175,11,NN,1,{'NN'},4.352182518111363,0.0004796760302219,0,0,0,0,0,0,1,0,0,1,1,1
closure,2,1.3874340101698912e-05,16.137221319525175,7,NN,1,{'NN'},2.4771212547196626,0.0006116348777085,0,1,0,0,1,0,1,1,0,0,1,1
lucky,2,1.3874340101698912e-05,16.137221319525175,5,NNP,1,{'NNP'},2.4771212547196626,0.000500428536307,0,0,0,0,1,0,1,0,1,0,1,1
pilot,2,1.3874340101698912e-05,16.137221319525175,5,NN,1,{'NN'},4.352182518111363,0.0003744286579346,0,0,0,0,0,0,1,0,0,1,1,1
indemnity,2,1.3874340101698912e-05,16.137221319525175,9,NN,1,{'NN'},4.352182518111363,0.0004104771625608,0,0,0,0,0,0,1,0,0,1,1,1
tender,2,1.3874340101698912e-05,16.137221319525175,6,NN,1,{'NN'},2.4771212547196626,0.0003175796480409,0,0,0,0,1,0,1,0,0,1,1,1
pine,2,1.3874340101698912e-05,16.137221319525175,4,NNP,1,{'NNP'},4.352182518111363,0.0007713143980061,0,0,0,0,0,1,0,1,0,0,-1,-1
examination,2,1.3874340101698912e-05,16.137221319525175,11,NN,1,{'NN'},4.352182518111363,0.0003615794999849,0,0,0,1,0,1,0,0,1,0,-1,-1
pandemic,2,1.3874340101698912e-05,16.137221319525175,8,NNP,1,{'NNP'},2.4771212547196626,0.0003590030803941,0,0,0,1,0,1,0,1,0,0,-1,-1
correspondence,2,1.3874340101698912e-05,16.137221319525175,14,NN,1,{'NN'},4.352182518111363,0.0005226223313674,0,1,0,0,0,0,1,0,0,0,1,1
achievement,2,1.3874340101698912e-05,16.137221319525175,11,NN,1,{'NN'},2.4771212547196626,0.0003238066999633,0,1,0,0,1,0,1,0,0,1,1,1
hanging,2,1.3874340101698912e-05,16.137221319525175,7,NN,2,"{'NNP', 'NN'}",4.352182518111363,0.0006969181156452,1,0,1,1,0,1,0,1,0,0,-1,-1
rule,2,1.3874340101698912e-05,16.137221319525175,4,NNP,1,{'NNP'},4.352182518111363,0.0009828777141172,0,0,0,1,0,0,0,0,0,1,0,0
immerse,1,6.937170050849456e-06,17.137221319525175,7,NNP,1,{'NNP'},2.4771212547196626,0.0002502142681535,0,1,0,1,1,0,1,0,1,1,1,1
heroism,1,6.937170050849456e-06,17.137221319525175,7,NN,1,{'NN'},2.4771212547196626,0.0002663571241634,0,1,0,0,1,0,1,0,1,1,1,1
principal,1,6.937170050849456e-06,17.137221319525175,9,NN,1,{'NN'},2.4771212547196626,0.0002663571241634,0,0,0,0,0,0,1,0,0,1,1,1
abundant,1,6.937170050849456e-06,17.137221319525175,8,NN,1,{'NN'},2.4771212547196626,0.0002663571241634,0,0,0,0,1,0,1,0,0,0,1,1
dominion,1,6.937170050849456e-06,17.137221319525175,8,NNP,1,{'NNP'},2.4771212547196626,0.0004345826762666,0,0,0,1,0,0,0,0,0,1,0,0
medal,1,6.937170050849456e-06,17.137221319525175,5,NNP,1,{'NNP'},2.4771212547196626,0.0002663571241634,0,1,0,0,1,0,1,0,1,1,1,1
heartfelt,1,6.937170050849456e-06,17.137221319525175,9,NN,1,{'NN'},2.4771212547196626,0.0002580334640332,0,0,0,0,1,0,1,1,0,1,1,1
valor,1,6.937170050849456e-06,17.137221319525175,5,NN,1,{'NN'},2.4771212547196626,0.0002663571241634,0,0,0,0,0,0,1,0,0,1,1,1
thrill,1,6.937170050849456e-06,17.137221319525175,6,NN,1,{'NN'},2.4771212547196626,0.0004128535424532,0,1,0,1,1,0,1,0,1,0,1,1
neighbor,1,6.937170050849456e-06,17.137221319525175,8,NN,1,{'NN'},2.4771212547196626,0.0004128535424532,0,1,0,0,0,0,1,0,0,1,1,1
broken,1,6.937170050849456e-06,17.137221319525175,6,NN,1,{'NN'},2.4771212547196626,0.0004128535424532,1,0,0,1,0,1,0,1,0,0,-1,-1
predominant,1,6.937170050849456e-06,17.137221319525175,11,NN,1,{'NN'},2.4771212547196626,0.0004345826762666,0,0,0,0,0,0,1,0,0,1,1,1
truthfulness,1,6.937170050849456e-06,17.137221319525175,12,NN,1,{'NN'},2.4771212547196626,0.0001876607011151,0,0,0,0,0,0,1,0,0,1,1,1
chaos,1,6.937170050849456e-06,17.137221319525175,5,NN,1,{'NN'},2.4771212547196626,0.0001876607011151,1,0,0,1,0,1,0,1,0,0,-1,-1
stillness,1,6.937170050849456e-06,17.137221319525175,9,NN,1,{'NN'},2.4771212547196626,0.0001876607011151,0,0,0,1,0,0,1,1,0,0,1,1
prevail,1,6.937170050849456e-06,17.137221319525175,7,NN,1,{'NN'},2.4771212547196626,0.0002580334640332,0,1,0,0,1,0,1,0,0,0,1,1
compassion,1,6.937170050849456e-06,17.137221319525175,10,NN,1,{'NN'},2.4771212547196626,0.0001876607011151,0,0,0,1,0,0,1,0,0,0,1,1
fell,1,6.937170050849456e-06,17.137221319525175,4,NNP,1,{'NNP'},2.4771212547196626,0.000179501540197,0,0,0,0,0,1,0,1,0,0,-1,-1
gem,1,6.937170050849456e-06,17.137221319525175,3,NN,1,{'NN'},2.4771212547196626,0.0002580334640332,0,0,0,0,1,0,1,0,0,0,1,1
failing,1,6.937170050849456e-06,17.137221319525175,7,NN,1,{'NN'},2.4771212547196626,0.000179501540197,1,1,0,1,0,1,0,1,0,0,-1,-1
celebrating,1,6.937170050849456e-06,17.137221319525175,11,NNP,1,{'NNP'},2.4771212547196626,0.0002502142681535,0,1,0,0,1,0,1,0,0,0,1,1
charity,1,6.937170050849456e-06,17.137221319525175,7,NN,1,{'NN'},2.4771212547196626,0.0002663571241634,0,0,0,0,1,0,1,0,0,0,1,1
indifference,1,6.937170050849456e-06,17.137221319525175,12,NN,1,{'NN'},2.4771212547196626,0.0002580334640332,1,0,1,1,0,1,0,1,0,0,-1,-1
miracle,1,6.937170050849456e-06,17.137221319525175,7,NN,1,{'NN'},2.4771212547196626,0.0002580334640332,0,1,0,0,1,0,1,0,1,1,1,1
tough,1,6.937170050849456e-06,17.137221319525175,5,NNP,1,{'NNP'},2.4771212547196626,0.0002948953874666,0,0,0,0,0,1,0,1,0,0,-1,-1
entertainment,1,6.937170050849456e-06,17.137221319525175,13,NN,1,{'NN'},2.4771212547196626,0.0002948953874666,0,1,0,0,1,0,1,0,1,1,1,1
lamb,1,6.937170050849456e-06,17.137221319525175,4,NNP,1,{'NNP'},2.4771212547196626,0.0003590030803941,0,0,0,0,1,0,1,0,0,1,1,1
rejection,1,6.937170050849456e-06,17.137221319525175,9,NNP,1,{'NNP'},2.4771212547196626,0.0011795815498665,1,0,1,1,0,1,0,1,0,0,-1,-1
checklist,1,6.937170050849456e-06,17.137221319525175,9,NNP,1,{'NNP'},2.4771212547196626,0.0002502142681535,0,0,0,0,0,0,1,0,0,1,1,1
kick,1,6.937170050849456e-06,17.137221319525175,4,NNP,1,{'NNP'},2.4771212547196626,0.0002502142681535,1,0,0,0,0,1,0,0,0,0,-1,-1
lover,1,6.937170050849456e-06,17.137221319525175,5,NNP,1,{'NNP'},2.4771212547196626,0.0002502142681535,0,1,0,0,1,0,1,0,0,1,1,1
soil,1,6.937170050849456e-06,17.137221319525175,4,NN,1,{'NN'},2.4771212547196626,0.0001032133856133,0,0,1,0,0,1,0,0,0,0,-1,-1
puppy,1,6.937170050849456e-06,17.137221319525175,5,NNP,1,{'NNP'},2.4771212547196626,0.0002580334640332,0,1,0,0,0,0,1,0,0,1,1,1
physician,1,6.937170050849456e-06,17.137221319525175,9,NN,1,{'NN'},2.4771212547196626,0.0001756823584907,0,0,0,0,0,0,1,0,0,1,1,1
diagnosis,1,6.937170050849456e-06,17.137221319525175,9,NN,1,{'NN'},2.4771212547196626,0.0001756823584907,0,1,0,1,0,1,0,0,0,1,-1,-1
petroleum,1,6.937170050849456e-06,17.137221319525175,9,NN,1,{'NN'},2.4771212547196626,0.0002663571241634,0,0,1,0,0,1,1,0,0,0,0,0
smile,1,6.937170050849456e-06,17.137221319525175,5,NN,1,{'NN'},2.4771212547196626,0.0002580334640332,0,0,0,0,1,0,1,0,1,1,1,1
responsible,1,6.937170050849456e-06,17.137221319525175,11,NNP,1,{'NNP'},2.4771212547196626,0.0001756823584907,0,0,0,0,0,0,1,0,0,1,1,1
govern,1,6.937170050849456e-06,17.137221319525175,6,NNP,1,{'NNP'},2.4771212547196626,0.0001756823584907,0,0,0,0,0,0,1,0,0,1,1,1
worse,1,6.937170050849456e-06,17.137221319525175,5,NN,1,{'NN'},2.4771212547196626,0.000179501540197,0,0,0,1,0,1,0,1,0,0,-1,-1
toxic,1,6.937170050849456e-06,17.137221319525175,5,NN,1,{'NN'},2.4771212547196626,0.0003753214022302,0,0,1,0,0,1,0,0,0,0,-1,-1
playground,1,6.937170050849456e-06,17.137221319525175,10,NNP,1,{'NNP'},2.4771212547196626,0.0002428550249725,0,1,0,0,1,0,1,0,1,1,1,1
bad,1,6.937170050849456e-06,17.137221319525175,3,NNP,1,{'NNP'},2.4771212547196626,0.0002502142681535,1,0,1,1,0,1,0,1,0,0,-1,-1
festival,1,6.937170050849456e-06,17.137221319525175,8,NNP,1,{'NNP'},2.4771212547196626,0.0002502142681535,0,1,0,0,1,0,1,0,1,0,1,1
real,1,6.937170050849456e-06,17.137221319525175,4,NNP,1,{'NNP'},2.4771212547196626,0.0001501285608921,0,0,0,0,0,0,1,0,0,1,1,1
competency,1,6.937170050849456e-06,17.137221319525175,10,NN,1,{'NN'},2.4771212547196626,0.0002580334640332,0,0,0,0,0,0,1,0,0,1,1,1
stranger,1,6.937170050849456e-06,17.137221319525175,8,NNP,1,{'NNP'},2.4771212547196626,0.0002502142681535,0,0,0,1,0,1,0,0,0,0,-1,-1
inadequate,1,6.937170050849456e-06,17.137221319525175,10,NNP,1,{'NNP'},2.4771212547196626,0.0004128535424532,0,0,0,0,0,1,0,1,0,0,-1,-1
urgent,1,6.937170050849456e-06,17.137221319525175,6,NNP,1,{'NNP'},2.4771212547196626,0.0003302828339626,0,1,0,1,0,1,0,0,1,0,-1,-1
explosion,1,6.937170050849456e-06,17.137221319525175,9,NNP,1,{'NNP'},2.4771212547196626,0.0008257070849065,0,0,0,1,0,1,0,0,1,0,-1,-1
elimination,1,6.937170050849456e-06,17.137221319525175,11,NNP,1,{'NNP'},2.4771212547196626,0.0005160669280665,1,0,1,1,0,1,0,1,0,0,-1,-1
intervention,1,6.937170050849456e-06,17.137221319525175,12,NN,1,{'NN'},2.4771212547196626,0.0003175796480409,0,0,0,0,0,1,1,1,0,0,0,0
armed,1,6.937170050849456e-06,17.137221319525175,5,NN,1,{'NN'},2.4771212547196626,0.0003175796480409,1,0,0,1,0,1,1,0,0,0,0,0
hardship,1,6.937170050849456e-06,17.137221319525175,8,NN,1,{'NN'},2.4771212547196626,0.0003175796480409,0,0,0,0,0,1,0,1,0,0,-1,-1
stable,1,6.937170050849456e-06,17.137221319525175,6,NN,1,{'NN'},2.4771212547196626,8.78411792453781e-05,0,0,0,0,0,0,1,0,0,1,1,1
exceed,1,6.937170050849456e-06,17.137221319525175,6,NN,1,{'NN'},2.4771212547196626,0.000155793789605,0,1,0,0,1,0,1,0,0,0,1,1
probation,1,6.937170050849456e-06,17.137221319525175,9,NN,1,{'NN'},2.4771212547196626,0.0003175796480409,0,1,0,1,0,0,0,1,0,0,0,0
credence,1,6.937170050849456e-06,17.137221319525175,8,NN,1,{'NN'},2.4771212547196626,8.78411792453781e-05,0,0,0,0,0,0,1,0,0,1,1,1
prescient,1,6.937170050849456e-06,17.137221319525175,9,NNP,1,{'NNP'},2.4771212547196626,0.0001587898240204,0,1,0,0,0,0,1,0,0,0,1,1
champion,1,6.937170050849456e-06,17.137221319525175,8,NN,1,{'NN'},2.4771212547196626,0.0001587898240204,0,1,0,0,1,0,1,0,0,1,1,1
possess,1,6.937170050849456e-06,17.137221319525175,7,NN,1,{'NN'},2.4771212547196626,0.0007506428044605,0,1,0,0,1,0,1,0,0,1,1,1
choke,1,6.937170050849456e-06,17.137221319525175,5,NN,1,{'NN'},2.4771212547196626,0.0007506428044605,1,0,0,0,0,1,0,1,0,0,-1,-1
salary,1,6.937170050849456e-06,17.137221319525175,6,NN,1,{'NN'},2.4771212547196626,0.0002359163099733,0,1,0,0,1,0,1,0,0,1,1,1
counsel,1,6.937170050849456e-06,17.137221319525175,7,NN,1,{'NN'},2.4771212547196626,0.0001587898240204,0,0,0,0,0,0,1,0,0,1,1,1
deference,1,6.937170050849456e-06,17.137221319525175,9,NN,1,{'NN'},2.4771212547196626,0.0002359163099733,0,0,0,0,0,0,1,0,0,1,1,1
fighting,1,6.937170050849456e-06,17.137221319525175,8,NNP,1,{'NNP'},2.4771212547196626,0.0001331785620817,1,0,0,0,0,1,0,0,0,0,-1,-1
badger,1,6.937170050849456e-06,17.137221319525175,6,NNP,1,{'NNP'},2.4771212547196626,0.0003175796480409,1,0,0,0,0,1,0,0,0,0,-1,-1
delegate,1,6.937170050849456e-06,17.137221319525175,8,NN,1,{'NN'},2.4771212547196626,0.0003175796480409,0,0,0,0,0,0,1,0,0,1,1,1
bliss,1,6.937170050849456e-06,17.137221319525175,5,NNP,1,{'NNP'},2.4771212547196626,0.0009174523165628,0,0,0,0,1,0,1,0,0,0,1,1
winning,1,6.937170050849456e-06,17.137221319525175,7,NNP,1,{'NNP'},2.4771212547196626,0.0006880892374221,0,1,1,0,1,0,1,1,1,1,1,1
favorite,1,6.937170050849456e-06,17.137221319525175,8,NN,1,{'NN'},2.4771212547196626,0.0002359163099733,0,0,0,0,1,0,1,0,0,1,1,1
erase,1,6.937170050849456e-06,17.137221319525175,5,NNP,1,{'NNP'},2.4771212547196626,0.0001529087194271,0,0,0,1,0,1,0,0,0,0,-1,-1
fuss,1,6.937170050849456e-06,17.137221319525175,4,NN,1,{'NN'},2.4771212547196626,0.0002663571241634,1,0,0,0,0,1,0,1,0,0,-1,-1
obstruct,1,6.937170050849456e-06,17.137221319525175,8,NN,1,{'NN'},2.4771212547196626,0.0003058174388542,1,0,0,1,0,1,0,0,0,0,-1,-1
disaster,1,6.937170050849456e-06,17.137221319525175,8,NN,1,{'NN'},2.4771212547196626,0.0004128535424532,1,0,1,1,0,1,0,1,1,0,-1,-1
spa,1,6.937170050849456e-06,17.137221319525175,3,NNP,1,{'NNP'},2.4771212547196626,6.658928104085115e-05,0,1,0,0,1,0,1,0,1,1,1,1
backwards,1,6.937170050849456e-06,17.137221319525175,9,NNS,1,{'NNS'},2.4771212547196626,0.0002117197653606,0,0,1,0,0,1,0,0,0,0,-1,-1
sponsor,1,6.937170050849456e-06,17.137221319525175,7,NN,1,{'NN'},2.4771212547196626,0.0001474476937333,0,0,0,0,0,0,1,0,0,1,1,1
persecution,1,6.937170050849456e-06,17.137221319525175,11,NN,1,{'NN'},2.4771212547196626,0.0001474476937333,1,0,1,1,0,1,0,1,0,0,-1,-1
backbone,1,6.937170050849456e-06,17.137221319525175,8,NN,1,{'NN'},2.4771212547196626,0.0002117197653606,1,0,0,0,0,0,1,0,0,1,1,1
withstand,1,6.937170050849456e-06,17.137221319525175,9,NNP,1,{'NNP'},2.4771212547196626,0.000485710049945,0,1,0,1,0,0,1,0,0,0,1,1
hazard,1,6.937170050849456e-06,17.137221319525175,6,NN,1,{'NN'},2.4771212547196626,0.0002502142681535,0,0,0,1,0,1,0,0,0,0,-1,-1
harry,1,6.937170050849456e-06,17.137221319525175,5,NNP,1,{'NNP'},2.4771212547196626,0.0001965969249777,1,0,0,0,0,1,0,1,0,0,-1,-1
disconnect,1,6.937170050849456e-06,17.137221319525175,10,NNP,1,{'NNP'},2.4771212547196626,0.0001251071340767,0,0,0,0,0,1,0,1,0,0,-1,-1
mum,1,6.937170050849456e-06,17.137221319525175,3,NNP,1,{'NNP'},2.4771212547196626,0.0001965969249777,0,0,0,1,0,1,0,0,0,0,-1,-1
intrusion,1,6.937170050849456e-06,17.137221319525175,9,NN,1,{'NN'},2.4771212547196626,0.0001501285608921,0,0,0,1,0,1,0,0,0,0,-1,-1
wasteful,1,6.937170050849456e-06,17.137221319525175,8,NN,1,{'NN'},2.4771212547196626,0.0001501285608921,1,0,1,0,0,1,0,1,0,0,-1,-1
vacation,1,6.937170050849456e-06,17.137221319525175,8,NN,1,{'NN'},2.4771212547196626,0.0001501285608921,0,1,0,0,1,0,1,0,0,0,1,1
punitive,1,6.937170050849456e-06,17.137221319525175,8,NNP,1,{'NNP'},2.4771212547196626,0.0002847265810022,1,0,0,1,0,1,0,1,0,0,-1,-1
bacteria,1,6.937170050849456e-06,17.137221319525175,8,NNS,1,{'NNS'},2.4771212547196626,0.0001376178474844,0,0,1,1,0,1,0,1,0,0,-1,-1
hazardous,1,6.937170050849456e-06,17.137221319525175,9,NNP,1,{'NNP'},2.4771212547196626,0.0001376178474844,0,0,0,1,0,1,0,0,0,0,-1,-1
dignity,1,6.937170050849456e-06,17.137221319525175,7,NN,1,{'NN'},2.4771212547196626,0.0002847265810022,0,0,0,0,0,0,1,0,0,1,1,1
eager,1,6.937170050849456e-06,17.137221319525175,5,NN,1,{'NN'},2.4771212547196626,0.0002013919719284,0,1,0,0,1,0,1,0,1,1,1,1
philanthropist,1,6.937170050849456e-06,17.137221319525175,14,NN,1,{'NN'},2.4771212547196626,0.0003590030803941,0,0,0,0,0,0,1,0,0,1,1,1
committed,1,6.937170050849456e-06,17.137221319525175,9,NNP,1,{'NNP'},2.4771212547196626,0.0006351592960819,0,0,0,0,0,0,1,0,0,1,1,1
aspiring,1,6.937170050849456e-06,17.137221319525175,8,NNP,1,{'NNP'},2.4771212547196626,0.0006351592960819,0,1,0,0,1,0,1,0,0,1,1,1
ware,1,6.937170050849456e-06,17.137221319525175,4,NNP,1,{'NNP'},2.4771212547196626,0.0003590030803941,0,0,0,1,0,1,0,0,0,0,-1,-1
misconduct,1,6.937170050849456e-06,17.137221319525175,10,NN,1,{'NN'},2.4771212547196626,0.000179501540197,0,0,1,0,0,1,0,0,0,0,-1,-1
illness,1,6.937170050849456e-06,17.137221319525175,7,NN,1,{'NN'},2.4771212547196626,0.0004128535424532,0,0,0,1,0,1,0,1,0,0,-1,-1
sewerage,1,6.937170050849456e-06,17.137221319525175,8,NN,1,{'NN'},2.4771212547196626,0.0004128535424532,0,0,1,0,0,1,0,0,0,0,-1,-1
rue,1,6.937170050849456e-06,17.137221319525175,3,NNP,1,{'NNP'},2.4771212547196626,0.0002502142681535,0,0,0,0,0,1,0,1,0,0,-1,-1
lion,1,6.937170050849456e-06,17.137221319525175,4,NNP,1,{'NNP'},2.4771212547196626,0.0004128535424532,0,0,0,1,0,0,1,0,0,0,1,1
inoculation,1,6.937170050849456e-06,17.137221319525175,11,NN,1,{'NN'},2.4771212547196626,0.0004128535424532,0,1,0,0,0,0,0,0,0,1,0,0
dependent,1,6.937170050849456e-06,17.137221319525175,9,NN,1,{'NN'},2.4771212547196626,0.0004128535424532,0,0,0,0,0,1,1,0,0,1,0,0
guardian,1,6.937170050849456e-06,17.137221319525175,8,NN,1,{'NN'},2.4771212547196626,0.0003753214022302,0,0,0,0,0,0,1,0,0,1,1,1
protecting,1,6.937170050849456e-06,17.137221319525175,10,NNP,1,{'NNP'},2.4771212547196626,0.0003753214022302,0,0,0,0,0,0,1,0,0,1,1,1
remains,1,6.937170050849456e-06,17.137221319525175,7,NNS,1,{'NNS'},2.4771212547196626,0.0003753214022302,0,0,1,1,0,1,1,0,0,1,0,0
bankruptcy,1,6.937170050849456e-06,17.137221319525175,10,NNP,1,{'NNP'},2.4771212547196626,8.97507700985385e-05,1,0,1,1,0,1,0,1,0,0,-1,-1
defamatory,1,6.937170050849456e-06,17.137221319525175,10,NN,1,{'NN'},2.4771212547196626,0.0001651414169813,1,0,0,0,0,1,0,0,0,0,-1,-1
obscene,1,6.937170050849456e-06,17.137221319525175,7,NN,1,{'NN'},2.4771212547196626,0.0001651414169813,0,0,1,0,0,1,0,0,0,0,-1,-1
lowest,1,6.937170050849456e-06,17.137221319525175,6,NNP,1,{'NNP'},2.4771212547196626,0.0002752356949688,0,0,0,0,0,1,0,1,0,0,-1,-1
debt,1,6.937170050849456e-06,17.137221319525175,4,NN,1,{'NN'},2.4771212547196626,0.0002663571241634,0,0,0,0,0,1,0,1,0,0,-1,-1
elite,1,6.937170050849456e-06,17.137221319525175,5,NNP,1,{'NNP'},2.4771212547196626,0.0002502142681535,0,1,0,0,1,0,1,0,0,1,1,1
patience,1,6.937170050849456e-06,17.137221319525175,8,NN,1,{'NN'},2.4771212547196626,0.0009174523165628,0,1,0,0,0,0,1,0,0,1,1,1
liberty,1,6.937170050849456e-06,17.137221319525175,7,NNP,1,{'NNP'},2.4771212547196626,0.0013761784748442,0,1,0,0,1,0,1,0,1,1,1,1
proficient,1,6.937170050849456e-06,17.137221319525175,10,NNP,1,{'NNP'},2.4771212547196626,0.0001399503533739,0,0,0,0,0,0,1,0,0,1,1,1
battlefield,1,6.937170050849456e-06,17.137221319525175,11,NN,1,{'NN'},2.4771212547196626,0.0002752356949688,0,0,0,1,0,1,0,0,0,0,-1,-1
advocacy,1,6.937170050849456e-06,17.137221319525175,8,NN,1,{'NN'},2.4771212547196626,0.0003058174388542,1,1,0,0,1,0,1,0,0,1,1,1
leave,1,6.937170050849456e-06,17.137221319525175,5,NNP,1,{'NNP'},2.4771212547196626,0.0001086456690666,0,0,0,0,0,1,0,1,1,0,-1,-1
plunge,1,6.937170050849456e-06,17.137221319525175,6,NN,1,{'NN'},2.4771212547196626,0.0003931938499555,0,0,0,1,0,1,0,0,0,0,-1,-1
locust,1,6.937170050849456e-06,17.137221319525175,6,NNP,1,{'NNP'},2.4771212547196626,6.768090859889789e-05,0,0,0,1,0,1,0,0,0,0,-1,-1
desolation,1,6.937170050849456e-06,17.137221319525175,10,NNP,1,{'NNP'},2.4771212547196626,6.768090859889789e-05,0,0,0,1,0,1,0,1,0,0,-1,-1
magnificent,1,6.937170050849456e-06,17.137221319525175,11,NNP,1,{'NNP'},2.4771212547196626,6.768090859889789e-05,0,1,0,0,1,0,1,0,1,1,1,1
lace,1,6.937170050849456e-06,17.137221319525175,4,NNP,1,{'NNP'},2.4771212547196626,6.768090859889789e-05,1,0,0,1,0,1,1,1,0,1,0,0
bounty,1,6.937170050849456e-06,17.137221319525175,6,NNP,1,{'NNP'},2.4771212547196626,6.768090859889789e-05,0,1,0,0,1,0,1,0,0,1,1,1
wasting,1,6.937170050849456e-06,17.137221319525175,7,NN,1,{'NN'},2.4771212547196626,0.0005160669280665,0,0,1,1,0,1,0,1,0,0,-1,-1
stab,1,6.937170050849456e-06,17.137221319525175,4,NNP,1,{'NNP'},2.4771212547196626,0.0005160669280665,1,0,0,1,0,1,0,1,1,0,-1,-1
attorney,1,6.937170050849456e-06,17.137221319525175,8,NN,1,{'NN'},2.4771212547196626,0.0004587261582814,1,0,0,1,0,0,1,0,0,1,1,1
proctor,1,6.937170050849456e-06,17.137221319525175,7,NNP,1,{'NNP'},2.4771212547196626,0.0002752356949688,0,0,0,0,0,0,1,0,0,1,1,1
buzz,1,6.937170050849456e-06,17.137221319525175,4,NNP,1,{'NNP'},2.4771212547196626,0.0002752356949688,0,1,0,1,0,0,1,0,0,0,1,1
weigh,1,6.937170050849456e-06,17.137221319525175,5,NN,1,{'NN'},2.4771212547196626,0.0002428550249725,0,1,0,0,0,0,0,0,0,1,0,0
straightforward,1,6.937170050849456e-06,17.137221319525175,15,NN,1,{'NN'},2.4771212547196626,0.0003302828339626,0,0,0,0,0,0,1,0,0,1,1,1
communion,1,6.937170050849456e-06,17.137221319525175,9,NNP,1,{'NNP'},2.4771212547196626,0.0002752356949688,0,0,0,0,1,0,1,0,0,1,1,1
garbage,1,6.937170050849456e-06,17.137221319525175,7,NN,1,{'NN'},2.4771212547196626,0.0007506428044605,0,0,1,0,0,1,0,0,0,0,-1,-1
deserve,1,6.937170050849456e-06,17.137221319525175,7,NNP,1,{'NNP'},2.4771212547196626,0.0002752356949688,1,1,0,0,0,0,1,0,0,1,1,1
loyal,1,6.937170050849456e-06,17.137221319525175,5,NN,1,{'NN'},2.4771212547196626,0.0002752356949688,0,0,0,1,1,0,1,0,1,1,1,1
cutter,1,6.937170050849456e-06,17.137221319525175,6,NNP,1,{'NNP'},2.4771212547196626,0.0006351592960819,0,0,0,1,0,1,0,0,0,0,-1,-1
absence,1,6.937170050849456e-06,17.137221319525175,7,NN,1,{'NN'},2.4771212547196626,0.0002117197653606,0,0,0,1,0,1,0,1,0,0,-1,-1
discrimination,1,6.937170050849456e-06,17.137221319525175,14,NN,1,{'NN'},2.4771212547196626,0.0002117197653606,1,0,1,1,0,1,0,1,0,0,-1,-1
helpful,1,6.937170050849456e-06,17.137221319525175,7,NNP,1,{'NNP'},2.4771212547196626,0.0004128535424532,0,0,0,0,1,0,1,0,0,1,1,1
fraud,1,6.937170050849456e-06,17.137221319525175,5,NN,1,{'NN'},2.4771212547196626,0.0002752356949688,1,0,0,0,0,1,0,0,0,0,-1,-1
eagerness,1,6.937170050849456e-06,17.137221319525175,9,NN,1,{'NN'},2.4771212547196626,0.0001179581549866,0,1,0,0,1,0,1,0,0,1,1,1
equality,1,6.937170050849456e-06,17.137221319525175,8,NN,1,{'NN'},2.4771212547196626,8.425582499046471e-05,0,0,0,0,1,0,1,0,0,1,1,1
buck,1,6.937170050849456e-06,17.137221319525175,4,NNP,1,{'NNP'},2.4771212547196626,0.0006351592960819,0,0,0,1,0,1,1,0,1,0,0,0
bark,1,6.937170050849456e-06,17.137221319525175,4,NN,1,{'NN'},2.4771212547196626,8.425582499046471e-05,1,0,0,0,0,1,0,0,0,0,-1,-1
elevation,1,6.937170050849456e-06,17.137221319525175,9,NN,1,{'NN'},2.4771212547196626,0.0002948953874666,0,1,0,1,1,0,1,0,0,1,1,1
crazy,1,6.937170050849456e-06,17.137221319525175,5,NNP,1,{'NNP'},2.4771212547196626,0.0006351592960819,1,0,0,1,0,1,0,1,0,0,-1,-1
madden,1,6.937170050849456e-06,17.137221319525175,6,NNP,1,{'NNP'},2.4771212547196626,0.0006351592960819,1,0,0,1,0,1,0,0,0,0,-1,-1
mate,1,6.937170050849456e-06,17.137221319525175,4,NNP,1,{'NNP'},2.4771212547196626,0.0002948953874666,0,0,0,0,0,0,1,0,0,1,1,1
agreed,1,6.937170050849456e-06,17.137221319525175,6,NN,1,{'NN'},2.4771212547196626,0.000344044618711,0,0,0,0,0,0,1,0,0,1,1,1
discipline,1,6.937170050849456e-06,17.137221319525175,10,NN,1,{'NN'},2.4771212547196626,0.0001619033499816,0,0,0,1,0,1,0,0,0,0,-1,-1
intense,1,6.937170050849456e-06,17.137221319525175,7,NNP,1,{'NNP'},2.4771212547196626,0.0001619033499816,1,0,1,1,1,1,1,0,1,1,0,0
excavation,1,6.937170050849456e-06,17.137221319525175,10,NN,1,{'NN'},2.4771212547196626,0.0001214275124862,0,1,0,0,0,1,0,0,1,0,-1,-1
conscience,1,6.937170050849456e-06,17.137221319525175,10,NN,1,{'NN'},2.4771212547196626,0.0001619033499816,0,0,0,0,0,0,1,0,0,1,1,1
hungry,1,6.937170050849456e-06,17.137221319525175,6,NNP,1,{'NNP'},2.4771212547196626,0.0002752356949688,0,1,0,0,0,1,0,0,0,0,-1,-1
escape,1,6.937170050849456e-06,17.137221319525175,6,NNP,1,{'NNP'},2.4771212547196626,0.0002752356949688,0,1,0,1,0,1,1,0,0,0,0,0
changeable,1,6.937170050849456e-06,17.137221319525175,10,NNP,1,{'NNP'},2.4771212547196626,0.0001353618171977,0,1,0,0,0,0,0,0,1,0,0,0
elders,1,6.937170050849456e-06,17.137221319525175,6,NNPS,1,{'NNPS'},2.4771212547196626,0.0001214275124862,0,0,0,0,0,0,1,0,0,1,1,1
penetration,1,6.937170050849456e-06,17.137221319525175,11,NN,1,{'NN'},2.4771212547196626,0.0001214275124862,1,0,0,1,0,1,0,0,0,0,-1,-1
sorrow,1,6.937170050849456e-06,17.137221319525175,6,NN,1,{'NN'},2.4771212547196626,0.0001214275124862,0,0,0,1,0,1,0,1,0,0,-1,-1
gratitude,1,6.937170050849456e-06,17.137221319525175,9,NN,1,{'NN'},2.4771212547196626,0.0001214275124862,0,0,0,0,1,0,1,0,0,0,1,1
skid,1,6.937170050849456e-06,17.137221319525175,4,NN,1,{'NN'},2.4771212547196626,0.0001214275124862,1,0,0,1,0,1,0,1,0,0,-1,-1
warfare,1,6.937170050849456e-06,17.137221319525175,7,NN,1,{'NN'},2.4771212547196626,0.000344044618711,1,0,0,1,0,1,0,1,0,0,-1,-1
disruption,1,6.937170050849456e-06,17.137221319525175,10,NN,1,{'NN'},2.4771212547196626,0.0001214275124862,1,0,0,1,0,1,0,0,1,0,-1,-1
illumination,1,6.937170050849456e-06,17.137221319525175,12,NNP,1,{'NNP'},2.4771212547196626,0.0006351592960819,0,0,0,0,1,0,1,0,1,1,1,1
struggle,1,6.937170050849456e-06,17.137221319525175,8,NN,1,{'NN'},2.4771212547196626,0.0001501285608921,1,0,0,1,0,1,0,1,0,0,-1,-1
cop,1,6.937170050849456e-06,17.137221319525175,3,NN,1,{'NN'},2.4771212547196626,0.0002428550249725,0,0,0,1,0,0,0,0,0,1,0,0
opera,1,6.937170050849456e-06,17.137221319525175,5,NNP,1,{'NNP'},2.4771212547196626,0.0002428550249725,1,1,0,1,1,0,1,1,1,1,1,1
wisdom,1,6.937170050849456e-06,17.137221319525175,6,NN,1,{'NN'},2.4771212547196626,0.0001965969249777,0,0,0,0,0,0,1,0,0,1,1,1
fight,1,6.937170050849456e-06,17.137221319525175,5,NN,1,{'NN'},2.4771212547196626,0.0001965969249777,1,0,0,1,0,1,0,0,0,0,-1,-1
pastor,1,6.937170050849456e-06,17.137221319525175,6,NN,1,{'NN'},2.4771212547196626,0.0001965969249777,0,0,0,0,1,0,1,0,0,1,1,1
basketball,1,6.937170050849456e-06,17.137221319525175,10,NN,1,{'NN'},2.4771212547196626,0.0001965969249777,0,1,0,0,1,0,1,0,0,0,1,1
danger,1,6.937170050849456e-06,17.137221319525175,6,NN,1,{'NN'},2.4771212547196626,0.0001965969249777,0,0,0,1,0,1,0,1,0,0,-1,-1
mob,1,6.937170050849456e-06,17.137221319525175,3,NN,1,{'NN'},2.4771212547196626,0.0001965969249777,1,0,0,1,0,1,0,0,0,0,-1,-1
sweetheart,1,6.937170050849456e-06,17.137221319525175,10,NN,1,{'NN'},2.4771212547196626,0.0001965969249777,0,1,0,0,1,0,1,1,0,1,1,1
whine,1,6.937170050849456e-06,17.137221319525175,5,NN,1,{'NN'},2.4771212547196626,0.0001086456690666,0,0,1,0,0,1,0,1,0,0,-1,-1
helper,1,6.937170050849456e-06,17.137221319525175,6,NN,1,{'NN'},2.4771212547196626,0.0001086456690666,0,0,0,0,0,0,1,0,0,1,1,1
regent,1,6.937170050849456e-06,17.137221319525175,6,NNP,1,{'NNP'},2.4771212547196626,0.0003058174388542,0,0,0,0,0,0,1,0,0,1,1,1
grit,1,6.937170050849456e-06,17.137221319525175,4,NN,1,{'NN'},2.4771212547196626,0.0001965969249777,0,0,0,0,0,0,1,0,0,1,1,1
competence,1,6.937170050849456e-06,17.137221319525175,10,NN,1,{'NN'},2.4771212547196626,0.0005897907749332,0,0,0,0,0,0,1,0,0,1,1,1
sunshine,1,6.937170050849456e-06,17.137221319525175,8,NN,1,{'NN'},2.4771212547196626,0.0005504713899377,0,0,0,0,1,0,1,0,0,0,1,1
shooting,1,6.937170050849456e-06,17.137221319525175,8,NNP,1,{'NNP'},2.4771212547196626,0.0002752356949688,1,0,0,1,0,1,0,0,0,0,-1,-1
cannon,1,6.937170050849456e-06,17.137221319525175,6,NN,1,{'NN'},2.4771212547196626,0.0002752356949688,1,0,0,1,0,1,0,0,0,0,-1,-1
reconstruction,1,6.937170050849456e-06,17.137221319525175,14,NNP,1,{'NNP'},2.4771212547196626,8.257070849065542e-05,0,1,0,0,0,0,1,0,0,0,1,1
destruction,1,6.937170050849456e-06,17.137221319525175,11,NN,1,{'NN'},2.4771212547196626,8.257070849065542e-05,1,0,0,0,0,1,0,0,0,0,-1,-1
torpedo,1,6.937170050849456e-06,17.137221319525175,7,NN,1,{'NN'},2.4771212547196626,8.257070849065542e-05,1,0,0,0,0,1,0,0,0,0,-1,-1
dire,1,6.937170050849456e-06,17.137221319525175,4,NN,1,{'NN'},2.4771212547196626,0.0002428550249725,0,0,1,1,0,1,0,1,1,0,-1,-1
setback,1,6.937170050849456e-06,17.137221319525175,7,NN,1,{'NN'},2.4771212547196626,0.0002752356949688,0,0,0,0,0,1,0,1,0,0,-1,-1
purge,1,6.937170050849456e-06,17.137221319525175,5,NN,1,{'NN'},2.4771212547196626,0.0002117197653606,0,0,0,1,0,1,0,0,0,0,-1,-1
lawsuit,1,6.937170050849456e-06,17.137221319525175,7,NN,1,{'NN'},2.4771212547196626,0.0002752356949688,1,0,1,1,0,1,0,1,1,0,-1,-1
abuse,1,6.937170050849456e-06,17.137221319525175,5,NN,1,{'NN'},2.4771212547196626,0.0002752356949688,1,0,1,1,0,1,0,1,0,0,-1,-1
passionate,1,6.937170050849456e-06,17.137221319525175,10,NN,1,{'NN'},2.4771212547196626,0.0002502142681535,0,1,0,0,1,0,1,0,0,1,1,1
thanksgiving,1,6.937170050849456e-06,17.137221319525175,12,NN,1,{'NN'},2.4771212547196626,0.0016514141698131,0,0,0,0,1,0,1,0,0,0,1,1
faculty,1,6.937170050849456e-06,17.137221319525175,7,NN,1,{'NN'},2.4771212547196626,0.0001920249034666,0,0,0,0,0,0,1,0,0,1,1,1
fault,1,6.937170050849456e-06,17.137221319525175,5,NN,1,{'NN'},2.4771212547196626,0.0005160669280665,0,0,0,0,0,1,0,1,0,0,-1,-1
versus,1,6.937170050849456e-06,17.137221319525175,6,NN,1,{'NN'},2.4771212547196626,0.0001619033499816,1,0,0,0,0,1,0,0,0,0,-1,-1
cracked,1,6.937170050849456e-06,17.137221319525175,7,NNP,1,{'NNP'},2.4771212547196626,0.0005504713899377,1,0,0,1,0,1,0,0,0,0,-1,-1
bedrock,1,6.937170050849456e-06,17.137221319525175,7,NN,1,{'NN'},2.4771212547196626,0.0001619033499816,0,0,0,0,0,0,1,0,0,1,1,1
insure,1,6.937170050849456e-06,17.137221319525175,6,NN,1,{'NN'},2.4771212547196626,0.0002502142681535,0,0,0,0,0,0,1,0,0,1,1,1
preservative,1,6.937170050849456e-06,17.137221319525175,12,NN,1,{'NN'},2.4771212547196626,0.0002502142681535,0,1,0,0,1,0,1,0,1,1,1,1
admiration,1,6.937170050849456e-06,17.137221319525175,10,NN,1,{'NN'},2.4771212547196626,0.0001756823584907,0,0,0,0,1,0,1,0,0,1,1,1
doctor,1,6.937170050849456e-06,17.137221319525175,6,NN,1,{'NN'},2.4771212547196626,0.0001756823584907,0,0,0,0,0,0,1,0,0,1,1,1
radiant,1,6.937170050849456e-06,17.137221319525175,7,NN,1,{'NN'},2.4771212547196626,0.0001756823584907,0,0,0,0,1,0,1,0,0,0,1,1
honesty,1,6.937170050849456e-06,17.137221319525175,7,NN,1,{'NN'},2.4771212547196626,0.0003931938499555,0,0,0,0,0,0,1,0,0,1,1,1
educational,1,6.937170050849456e-06,17.137221319525175,11,NNP,1,{'NNP'},2.4771212547196626,0.0001072346863515,0,0,0,0,0,0,1,0,0,1,1,1
sue,1,6.937170050849456e-06,17.137221319525175,3,NNP,1,{'NNP'},2.4771212547196626,0.0001072346863515,1,0,0,0,0,1,0,1,0,0,-1,-1
grandchildren,1,6.937170050849456e-06,17.137221319525175,13,NNS,1,{'NNS'},2.4771212547196626,0.0003753214022302,0,1,0,0,1,0,1,0,0,1,1,1
spider,1,6.937170050849456e-06,17.137221319525175,6,NNP,1,{'NNP'},2.4771212547196626,0.0020642677122663,0,0,1,1,0,0,0,0,0,0,0,0
friend,1,6.937170050849456e-06,17.137221319525175,6,NN,1,{'NN'},2.4771212547196626,0.0004345826762666,0,0,0,0,1,0,1,0,0,1,1,1
luck,1,6.937170050849456e-06,17.137221319525175,4,NN,1,{'NN'},2.4771212547196626,0.0004345826762666,0,1,0,0,1,0,1,0,1,0,1,1
hood,1,6.937170050849456e-06,17.137221319525175,4,NN,1,{'NN'},2.4771212547196626,0.0001270318592163,1,0,1,1,0,1,0,0,0,0,-1,-1
concussion,1,6.937170050849456e-06,17.137221319525175,10,NN,1,{'NN'},2.4771212547196626,0.0002663571241634,1,0,0,0,0,1,0,1,0,0,-1,-1
honorable,1,6.937170050849456e-06,17.137221319525175,9,NNP,1,{'NNP'},2.4771212547196626,0.0002663571241634,0,0,0,0,0,0,1,0,0,1,1,1
